time,plv,part,pven,qao,qper,qmv,vlv,vart,vven,accuracy,est,phase,cycle,cpu
2.0,0.0197,11.4936,1.9475,0.0000,79.5734,387.5367,44.164,787.341,4168.500,5.,3,1,1,0.04
4.0,0.0383,11.4873,1.9465,0.0000,79.5511,383.7030,44.929,787.182,4167.887,-2.,1,1,1,0.05
6.0,0.0562,11.4809,1.9455,0.0000,79.4843,379.7431,45.687,787.023,4167.288,-2.,2,1,1,0.07
8.0,0.0734,11.4746,1.9445,0.0000,79.4619,376.1329,46.435,786.864,4166.697,-4.,1,1,1,0.08
10.0,0.0900,11.4682,1.9435,0.0000,79.3947,372.4581,47.177,786.705,4166.115,-3.,2,1,1,0.09
12.0,0.1064,11.4619,1.9426,0.0000,79.3723,369.0657,47.926,786.546,4165.539,11.,1,1,1,0.11
14.0,0.1218,11.4555,1.9416,0.0000,79.3050,365.5973,48.649,786.388,4164.955,-8.,2,1,1,0.12
16.0,0.1372,11.4492,1.9407,0.0000,79.2601,362.3289,49.383,786.229,4164.397,9.,2,1,1,0.13
18.0,0.1515,11.4428,1.9397,0.0000,79.2151,359.1700,50.084,786.071,4163.828,-17.,2,1,1,0.15
20.0,0.1663,11.4365,1.9388,0.0000,79.1700,356.0744,50.815,785.912,4163.292,19.,2,1,1,0.16
22.0,0.1802,11.4302,1.9379,0.0000,79.1249,353.0182,51.521,785.754,4162.725,-0.,3,1,1,0.18
24.0,0.1939,11.4238,1.9370,0.0000,79.0798,350.0656,52.222,785.596,4162.183,1.,2,1,1,0.19
26.0,0.2073,11.4175,1.9361,0.0000,79.0346,347.1827,52.916,785.438,4161.646,-1.,2,1,1,0.20
28.0,0.2202,11.4112,1.9352,0.0000,79.0120,344.4671,53.594,785.280,4161.116,-10.,1,1,1,0.22
30.0,0.2329,11.4049,1.9343,0.0000,78.9667,341.7279,54.269,785.122,4160.600,-8.,1,1,1,0.23
32.0,0.2457,11.3986,1.9335,0.0000,78.9212,339.0098,54.954,784.964,4160.088,7.,1,1,1,0.24
34.0,0.2580,11.3923,1.9326,0.0000,78.8530,336.2380,55.625,784.806,4159.567,-1.,2,1,1,0.26
36.0,0.2703,11.3860,1.9318,0.0000,78.8076,333.6007,56.295,784.649,4159.059,2.,2,1,1,0.27
38.0,0.2823,11.3797,1.9309,0.0000,78.7622,331.0044,56.955,784.491,4158.552,-2.,2,1,1,0.29
40.0,0.2939,11.3734,1.9301,0.0000,78.7394,328.5583,57.597,784.334,4158.054,-15.,1,1,1,0.30
42.0,0.3054,11.3671,1.9293,0.0000,78.6939,326.0886,58.231,784.176,4157.575,-18.,1,1,1,0.31
44.0,0.3168,11.3608,1.9285,0.0000,78.6480,323.6377,58.872,784.019,4157.103,-6.,1,1,1,0.32
46.0,0.3285,11.3545,1.9277,0.0000,78.6022,321.1629,59.526,783.862,4156.624,11.,1,1,1,0.34
48.0,0.3398,11.3482,1.9269,0.0000,78.5337,318.6214,60.161,783.705,4156.132,-2.,2,1,1,0.35
50.0,0.3512,11.3419,1.9261,0.0000,78.4880,316.1957,60.797,783.548,4155.659,4.,2,1,1,0.37
52.0,0.3623,11.3356,1.9253,0.0000,78.4423,313.7974,61.422,783.391,4155.184,-3.,2,1,1,0.38
54.0,0.3734,11.3294,1.9245,0.0000,78.3965,311.4197,62.048,783.234,4154.721,3.,2,1,1,0.39
56.0,0.3843,11.3231,1.9238,0.0000,78.3507,309.0591,62.663,783.078,4154.257,-2.,2,1,1,0.41
58.0,0.3953,11.3168,1.9230,0.0000,78.3049,306.7157,63.280,782.921,4153.802,3.,2,1,1,0.42
60.0,0.4061,11.3106,1.9222,0.0000,78.2590,304.3875,63.886,782.764,4153.347,-2.,2,1,1,0.43
62.0,0.4169,11.3043,1.9215,0.0000,78.2131,302.0740,64.493,782.608,4152.901,3.,2,1,1,0.45
64.0,0.4276,11.2981,1.9208,0.0000,78.1672,299.7729,65.091,782.452,4152.456,-2.,2,1,1,0.46
66.0,0.4383,11.2918,1.9200,0.0000,78.1212,297.4843,65.689,782.295,4152.018,2.,2,1,1,0.48
68.0,0.4489,11.2856,1.9193,0.0000,78.0752,295.2057,66.278,782.139,4151.582,-1.,2,1,1,0.49
70.0,0.4592,11.2793,1.9186,0.0000,78.0522,293.0470,66.845,781.983,4151.153,-19.,1,1,1,0.50
72.0,0.4698,11.2731,1.9179,0.0000,77.9830,290.7490,67.429,781.827,4150.747,2.,2,1,1,0.52
74.0,0.4803,11.2669,1.9172,0.0000,77.9367,288.5046,68.004,781.671,4150.323,-2.,2,1,1,0.53
76.0,0.4909,11.2606,1.9165,0.0000,77.8906,286.2600,68.579,781.516,4149.908,3.,2,1,1,0.54
78.0,0.5013,11.2544,1.9158,0.0000,77.8445,284.0196,69.147,781.360,4149.493,-1.,2,1,1,0.56
80.0,0.5118,11.2482,1.9151,0.0000,77.7983,281.7882,69.712,781.204,4149.086,2.,2,1,1,0.57
82.0,0.5222,11.2419,1.9145,0.0000,77.7521,279.5598,70.271,781.049,4148.680,0.,2,1,1,0.58
84.0,0.5324,11.2357,1.9138,0.0000,77.7290,277.4367,70.809,780.893,4148.281,-16.,1,1,1,0.60
86.0,0.5428,11.2295,1.9132,0.0000,77.6595,275.1831,71.361,780.738,4147.902,1.,2,1,1,0.61
88.0,0.5532,11.2233,1.9125,0.0000,77.6131,272.9731,71.907,780.583,4147.510,1.,2,1,1,0.62
90.0,0.5636,11.2171,1.9119,0.0000,77.5668,270.7572,72.452,780.428,4147.123,3.,2,1,1,0.63
92.0,0.5744,11.2109,1.9112,0.0000,77.5436,268.5669,73.009,780.272,4146.738,20.,1,1,1,0.64
94.0,0.5848,11.2047,1.9106,0.0000,77.4742,266.2554,73.543,780.118,4146.341,1.,2,1,1,0.65
96.0,0.5953,11.1985,1.9099,0.0000,77.4279,264.0425,74.071,779.963,4145.966,-1.,2,1,1,0.66
98.0,0.6056,11.1923,1.9093,0.0000,77.3815,261.8400,74.596,779.808,4145.598,2.,2,1,1,0.67
100.0,0.6161,11.1861,1.9087,0.0000,77.3350,259.6388,75.118,779.653,4145.231,2.,2,1,1,0.67
102.0,0.6268,11.1799,1.9081,0.0000,77.3118,257.4568,75.651,779.499,4144.869,18.,1,1,1,0.68
104.0,0.6373,11.1738,1.9075,0.0000,77.2421,255.1517,76.165,779.344,4144.495,4.,2,1,1,0.69
106.0,0.6477,11.1676,1.9069,0.0000,77.1957,252.9438,76.671,779.190,4144.139,-0.,2,1,1,0.70
108.0,0.6585,11.1614,1.9063,0.0000,77.1724,250.7657,77.188,779.035,4143.792,16.,1,1,1,0.70
110.0,0.6689,11.1552,1.9057,0.0000,77.1026,248.4699,77.690,778.881,4143.433,4.,2,1,1,0.72
112.0,0.6793,11.1491,1.9052,0.0000,77.0561,246.2697,78.180,778.727,4143.091,-2.,2,1,1,0.72
114.0,0.6898,11.1429,1.9046,0.0000,77.0094,244.0682,78.672,778.573,4142.759,4.,2,1,1,0.73
116.0,0.7002,11.1368,1.9040,0.0000,76.9860,241.9239,79.153,778.419,4142.425,-3.,1,1,1,0.73
118.0,0.7105,11.1306,1.9035,0.0000,76.9394,239.7444,79.626,778.265,4142.103,-7.,1,1,1,0.74
120.0,0.7206,11.1245,1.9030,0.0000,76.8925,237.5934,80.087,778.111,4141.788,-13.,1,1,1,0.75
122.0,0.7308,11.1183,1.9025,0.0000,76.8456,235.4525,80.548,777.958,4141.484,-11.,1,1,1,0.76
124.0,0.7411,11.1122,1.9020,0.0000,76.7986,233.3041,81.005,777.804,4141.182,-9.,1,1,1,0.76
126.0,0.7514,11.1060,1.9015,0.0000,76.7516,231.1421,81.463,777.651,4140.882,-5.,1,1,1,0.77
128.0,0.7617,11.0999,1.9010,0.0000,76.7046,228.9787,81.913,777.497,4140.582,-8.,1,1,1,0.77
130.0,0.7720,11.0938,1.9005,0.0000,76.6577,226.8247,82.357,777.344,4140.290,-9.,1,1,1,0.79
132.0,0.7826,11.0876,1.9000,0.0000,76.5871,224.5934,82.814,777.191,4140.003,7.,2,1,1,0.79
134.0,0.7932,11.0815,1.8995,0.0000,76.5401,222.3713,83.265,777.038,4139.704,7.,2,1,1,0.80
136.0,0.8038,11.0754,1.8990,0.0000,76.4932,220.1464,83.711,776.885,4139.410,6.,2,1,1,0.80
138.0,0.8147,11.0693,1.8985,0.0000,76.4698,217.9530,84.159,776.732,4139.121,12.,1,1,1,0.82
140.0,0.8257,11.0632,1.8981,0.0000,76.4228,215.6762,84.602,776.579,4138.831,11.,1,1,1,0.82
142.0,0.8361,11.0570,1.8976,0.0000,76.3524,213.3895,85.037,776.426,4138.545,9.,2,1,1,0.83
144.0,0.8466,11.0509,1.8971,0.0000,76.3054,211.2045,85.457,776.274,4138.267,-2.,2,1,1,0.83
146.0,0.8573,11.0448,1.8967,0.0000,76.2583,208.9966,85.885,776.121,4138.003,9.,2,1,1,0.84
148.0,0.8679,11.0387,1.8962,0.0000,76.2348,206.8178,86.304,775.969,4137.733,5.,1,1,1,0.85
150.0,0.8783,11.0326,1.8958,0.0000,76.1877,204.6207,86.701,775.816,4137.471,-12.,1,1,1,0.85
152.0,0.8885,11.0266,1.8954,0.0000,76.1405,202.4725,87.103,775.664,4137.230,-3.,1,1,1,0.85
154.0,0.8987,11.0205,1.8950,0.0000,76.0931,200.3520,87.493,775.512,4136.985,-10.,1,1,1,0.86
156.0,0.9091,11.0144,1.8946,0.0000,76.0458,198.2135,87.877,775.360,4136.751,-12.,1,1,1,0.86
158.0,0.9196,11.0083,1.8942,0.0000,75.9984,196.0500,88.278,775.208,4136.523,8.,1,1,1,0.87
160.0,0.9300,11.0022,1.8938,0.0000,75.9508,193.8794,88.666,775.056,4136.279,1.,1,1,1,0.88
162.0,0.9404,10.9962,1.8934,0.0000,75.9036,191.7181,89.038,774.904,4136.046,-12.,1,1,1,0.88
164.0,0.9506,10.9901,1.8931,0.0000,75.8562,189.5799,89.418,774.752,4135.831,1.,1,1,1,0.88
166.0,0.9609,10.9840,1.8927,0.0000,75.8087,187.4516,89.789,774.601,4135.606,-4.,1,1,1,0.89
168.0,0.9713,10.9780,1.8923,0.0000,75.7612,185.3090,90.151,774.449,4135.391,-8.,1,1,1,0.89
170.0,0.9817,10.9719,1.8920,0.0000,75.7137,183.1567,90.526,774.298,4135.185,8.,1,1,1,0.90
172.0,0.9921,10.9659,1.8916,0.0000,75.6661,181.0061,90.889,774.146,4134.966,1.,1,1,1,0.91
174.0,1.0025,10.9598,1.8913,0.0000,75.6187,178.8602,91.239,773.995,4134.758,-8.,1,1,1,0.91
176.0,1.0128,10.9538,1.8909,0.0000,75.5712,176.7259,91.599,773.844,4134.563,6.,1,1,1,0.91
178.0,1.0231,10.9477,1.8906,0.0000,75.5235,174.5959,91.950,773.693,4134.359,2.,1,1,1,0.92
180.0,1.0335,10.9417,1.8903,0.0000,75.4760,172.4561,92.291,773.542,4134.164,-4.,1,1,1,0.92
182.0,1.0439,10.9356,1.8900,0.0000,75.4284,170.3141,92.642,773.391,4133.977,11.,1,1,1,0.93
184.0,1.0543,10.9296,1.8896,0.0000,75.3807,168.1763,92.984,773.240,4133.781,5.,1,1,1,0.94
186.0,1.0646,10.9236,1.8893,0.0000,75.3332,166.0398,93.314,773.090,4133.594,-2.,1,1,1,0.94
188.0,1.0749,10.9176,1.8890,0.0000,75.2855,163.9095,93.654,772.939,4133.419,12.,1,1,1,0.94
190.0,1.0853,10.9115,1.8887,0.0000,75.2378,161.7818,93.985,772.789,4133.234,8.,1,1,1,0.94
192.0,1.0957,10.9055,1.8884,0.0000,75.1902,159.6476,94.314,772.638,4133.057,9.,1,1,1,0.96
194.0,1.1060,10.8995,1.8881,0.0000,75.1425,157.5145,94.633,772.488,4132.883,4.,1,1,1,0.96
196.0,1.1164,10.8935,1.8879,0.0000,75.0948,155.3833,94.955,772.338,4132.719,12.,1,1,1,0.96
198.0,1.1268,10.8875,1.8876,0.0000,75.0471,153.2576,95.278,772.188,4132.551,17.,1,1,1,0.96
200.0,1.1371,10.8815,1.8873,0.0000,74.9994,151.1318,95.594,772.038,4132.382,14.,1,1,1,0.97
202.0,1.1475,10.8755,1.8870,0.0000,74.9517,149.0044,95.901,771.888,4132.220,9.,1,1,1,0.97
204.0,1.1578,10.8695,1.8868,0.0000,74.9040,146.8781,96.212,771.738,4132.067,17.,1,1,1,0.97
206.0,1.1677,10.8635,1.8865,0.0000,74.8323,144.7725,96.512,771.588,4131.911,11.,2,1,1,0.98
208.0,1.1771,10.8575,1.8863,0.0000,74.8085,142.8201,96.786,771.439,4131.763,-12.,1,1,1,0.99
210.0,1.1866,10.8516,1.8861,0.0000,74.7365,140.8634,97.064,771.289,4131.643,-4.,2,1,1,0.99
212.0,1.1969,10.8456,1.8859,0.0000,74.7125,138.8612,97.356,771.140,4131.519,14.,1,1,1,0.99
214.0,1.2069,10.8396,1.8856,0.0000,74.6405,136.7655,97.648,770.991,4131.380,19.,2,1,1,0.99
216.0,1.2158,10.8337,1.8854,0.0000,74.6166,134.8533,97.899,770.841,4131.241,-19.,1,1,1,0.99
218.0,1.2246,10.8277,1.8852,0.0000,74.5446,133.0250,98.147,770.692,4131.143,-18.,2,1,1,1.01
220.0,1.2345,10.8217,1.8851,0.0000,74.5204,131.1379,98.419,770.543,4131.048,10.,1,1,1,1.01
222.0,1.2433,10.8158,1.8849,0.0000,74.4481,129.2133,98.670,770.394,4130.928,-8.,3,1,1,1.01
224.0,1.2527,10.8098,1.8847,0.0000,74.4000,127.3605,98.927,770.245,4130.830,2.,3,1,1,1.01
226.0,1.2619,10.8039,1.8845,0.0000,74.3518,125.4642,99.183,770.097,4130.726,5.,2,1,1,1.02
228.0,1.2712,10.7979,1.8844,0.0000,74.3037,123.5724,99.431,769.948,4130.622,1.,2,1,1,1.02
230.0,1.2809,10.7920,1.8842,0.0000,74.2796,121.6599,99.690,769.800,4130.526,16.,1,1,1,1.03
232.0,1.2901,10.7860,1.8840,0.0000,74.2074,119.7249,99.935,769.651,4130.420,6.,2,1,1,1.03
234.0,1.2991,10.7801,1.8839,0.0000,74.1594,117.8669,100.174,769.503,4130.326,3.,2,1,1,1.03
236.0,1.3086,10.7742,1.8837,0.0000,74.1353,115.9970,100.419,769.355,4130.240,14.,1,1,1,1.03
238.0,1.3174,10.7683,1.8836,0.0000,74.0630,114.1306,100.651,769.206,4130.146,3.,2,1,1,1.04
240.0,1.3260,10.7623,1.8834,0.0000,74.0149,112.3659,100.872,769.058,4130.066,-4.,2,1,1,1.04
242.0,1.3346,10.7564,1.8833,0.0000,73.9666,110.6142,101.096,768.910,4129.996,3.,2,1,1,1.05
244.0,1.3431,10.7505,1.8832,0.0000,73.9424,108.8952,101.306,768.763,4129.924,-7.,1,1,1,1.05
246.0,1.3512,10.7446,1.8831,0.0000,73.8942,107.2107,101.513,768.615,4129.864,-8.,1,1,1,1.05
248.0,1.3593,10.7387,1.8830,0.0000,73.8457,105.5724,101.715,768.467,4129.809,-9.,1,1,1,1.05
250.0,1.3674,10.7328,1.8829,0.0000,73.7973,103.9411,101.918,768.320,4129.757,-5.,1,1,1,1.06
252.0,1.3756,10.7269,1.8828,0.0000,73.7488,102.2883,102.123,768.172,4129.705,1.,1,1,1,1.06
254.0,1.3839,10.7210,1.8828,0.0000,73.7003,100.6140,102.331,768.025,4129.651,6.,1,1,1,1.06
256.0,1.3922,10.7151,1.8827,0.0000,73.6519,98.9406,102.531,767.877,4129.594,3.,1,1,1,1.06
258.0,1.4003,10.7092,1.8826,0.0000,73.6036,97.2848,102.729,767.730,4129.544,3.,1,1,1,1.06
260.0,1.4084,10.7033,1.8825,0.0000,73.5553,95.6450,102.925,767.583,4129.496,5.,1,1,1,1.06
262.0,1.4166,10.6974,1.8824,0.0000,73.5069,94.0030,103.122,767.436,4129.451,9.,1,1,1,1.07
264.0,1.4248,10.6916,1.8823,0.0000,73.4585,92.3486,103.315,767.289,4129.404,8.,1,1,1,1.08
266.0,1.4330,10.6857,1.8823,0.0000,73.4102,90.6856,103.511,767.142,4129.361,14.,1,1,1,1.08
268.0,1.4412,10.6798,1.8822,0.0000,73.3619,89.0274,103.704,766.996,4129.315,15.,1,1,1,1.08
270.0,1.4494,10.6740,1.8821,0.0000,73.3136,87.3776,103.895,766.849,4129.272,16.,1,1,1,1.08
272.0,1.4575,10.6681,1.8821,0.0000,73.2653,85.7332,104.085,766.702,4129.231,18.,1,1,1,1.08
274.0,1.4649,10.6622,1.8820,0.0000,73.1929,84.1565,104.260,766.556,4129.190,6.,2,1,1,1.08
276.0,1.4714,10.6564,1.8819,0.0000,73.1688,82.7637,104.406,766.410,4129.165,-19.,1,1,1,1.08
278.0,1.4785,10.6505,1.8819,0.0000,73.0960,81.4019,104.570,766.263,4129.168,1.,2,1,1,1.08
280.0,1.4858,10.6447,1.8819,0.0000,73.0473,79.9555,104.738,766.117,4129.153,8.,2,1,1,1.09
282.0,1.4924,10.6389,1.8819,0.0000,73.0231,78.5589,104.886,765.971,4129.134,-9.,1,1,1,1.09
284.0,1.4990,10.6330,1.8819,0.0000,72.9504,77.2326,105.036,765.825,4129.134,-5.,2,1,1,1.09
286.0,1.5067,10.6272,1.8819,0.0000,72.9261,75.8069,105.206,765.680,4129.133,19.,1,1,1,1.09
288.0,1.5137,10.6214,1.8819,0.0000,72.8533,74.3359,105.364,765.534,4129.111,9.,2,1,1,1.10
290.0,1.5201,10.6155,1.8818,0.0000,72.8050,72.9894,105.505,765.388,4129.102,-6.,2,1,1,1.11
292.0,1.5268,10.6097,1.8818,0.0000,72.7808,71.6824,105.650,765.243,4129.109,2.,1,1,1,1.11
294.0,1.5334,10.6039,1.8819,0.0000,72.7079,70.3541,105.798,765.097,4129.112,8.,2,1,1,1.11
296.0,1.5394,10.5981,1.8819,0.0000,72.6836,69.0855,105.928,764.952,4129.112,-8.,1,1,1,1.11
298.0,1.5449,10.5923,1.8819,0.0000,72.6352,67.9405,106.046,764.807,4129.129,-18.,1,1,1,1.11
300.0,1.5501,10.5865,1.8819,0.0000,72.5865,66.8796,106.160,764.661,4129.159,-20.,1,1,1,1.11
302.0,1.5692,10.5807,1.8820,0.0000,72.5133,64.4619,106.292,764.516,4129.194,2.,3,1,1,1.11
304.0,1.6270,10.5749,1.8820,0.0000,72.4645,56.7868,106.411,764.372,4129.223,6.,3,1,1,1.13
306.0,1.7301,10.5691,1.8821,0.0000,72.4156,40.7071,106.496,764.227,4129.281,4.,3,1,1,1.14
308.0,1.8773,10.5633,1.8823,0.0000,72.3662,15.7023,106.533,764.082,4129.391,5.,3,1,1,1.16
310.0,2.0662,10.5575,1.8825,0.0000,72.3163,0.0000,106.537,763.937,4129.530,4.,3,1,1,1.17
312.0,2.2962,10.5517,1.8828,0.0000,72.2661,0.0000,106.537,763.793,4129.670,0.,3,2,1,1.20
314.0,2.5667,10.5459,1.8830,0.0000,72.2160,0.0000,106.540,763.648,4129.814,3.,3,2,1,1.21
316.0,2.8726,10.5402,1.8833,0.0000,72.1659,0.0000,106.524,763.504,4129.956,-13.,2,2,1,1.24
318.0,3.2206,10.5344,1.8835,0.0000,72.1157,0.0000,106.539,763.360,4130.116,2.,3,2,1,1.26
320.0,3.6017,10.5286,1.8837,0.0000,72.0656,0.0000,106.538,763.216,4130.245,1.,2,2,1,1.27
322.0,4.0164,10.5229,1.8840,0.0000,72.0157,0.0000,106.540,763.072,4130.391,3.,3,2,1,1.28
324.0,4.4632,10.5171,1.8842,0.0000,71.9657,0.0000,106.533,762.928,4130.533,-4.,2,2,1,1.30
326.0,4.9392,10.5114,1.8845,0.0000,71.9157,0.0000,106.524,762.784,4130.683,-13.,2,2,1,1.31
328.0,5.4444,10.5056,1.8847,0.0000,71.8657,0.0000,106.517,762.640,4130.836,-20.,2,2,1,1.33
330.0,5.9785,10.4999,1.8850,0.0000,71.8157,0.0000,106.517,762.496,4130.986,-20.,2,2,1,1.34
332.0,6.5373,10.4941,1.8852,0.0000,71.7658,0.0000,106.520,762.353,4131.130,-17.,2,2,1,1.36
334.0,7.1153,10.4884,1.8855,0.0000,71.7160,0.0000,106.518,762.210,4131.271,-19.,2,2,1,1.37
336.0,7.7208,10.4826,1.8857,0.0000,71.6662,0.0000,106.537,762.066,4131.416,-0.,3,2,1,1.38
338.0,8.3374,10.4769,1.8859,0.0000,71.6165,0.0000,106.545,761.923,4131.541,8.,2,2,1,1.40
340.0,8.9551,10.4712,1.8861,0.0000,71.5670,0.0000,106.533,761.780,4131.676,-4.,2,2,1,1.41
342.0,9.5882,10.4655,1.8864,0.0000,71.5173,0.0000,106.528,761.637,4131.830,-9.,2,2,1,1.43
344.0,10.2438,10.4598,1.8866,0.0000,71.4924,0.0000,106.542,761.494,4131.978,5.,1,2,1,1.44
346.0,10.8975,10.4549,1.8868,11.3298,71.4219,0.0000,106.552,761.374,4132.107,15.,2,2,1,1.44
348.0,11.4370,10.4549,1.8870,71.2258,71.4006,0.0000,106.406,761.373,4132.217,-4.,3,3,1,1.46
350.0,11.9275,10.4590,1.8873,122.5460,71.4138,0.0000,106.170,761.476,4132.364,9.,2,3,1,1.46
352.0,12.3522,10.4667,1.8875,167.6727,71.4648,0.0000,105.834,761.668,4132.498,-1.,2,3,1,1.47
354.0,12.7376,10.4776,1.8877,207.2809,71.5374,0.0000,105.419,761.939,4132.641,-1.,2,3,1,1.47
356.0,13.0892,10.4913,1.8880,242.8844,71.6390,0.0000,104.937,762.282,4132.785,4.,2,3,1,1.48
358.0,13.4183,10.5076,1.8882,276.2464,71.6942,0.0000,104.399,762.691,4132.924,14.,1,3,1,1.49
360.0,13.7097,10.5263,1.8884,304.6942,71.9062,0.0000,103.795,763.157,4133.054,5.,2,3,1,1.49
362.0,13.9658,10.5470,1.8887,331.1481,71.9820,0.0000,103.124,763.675,4133.193,-9.,1,3,1,1.49
364.0,14.2120,10.5696,1.8889,354.1893,72.1529,0.0000,102.414,764.239,4133.346,-2.,1,3,1,1.49
366.0,14.4475,10.5937,1.8892,374.7966,72.4394,0.0000,101.670,764.844,4133.492,6.,2,3,1,1.51
368.0,14.6675,10.6197,1.8894,396.3718,72.5383,0.0000,100.887,765.491,4133.632,10.,1,3,1,1.51
370.0,14.8762,10.6471,1.8896,415.2204,72.7523,0.0000,100.074,766.176,4133.767,17.,1,3,1,1.51
372.0,15.0580,10.6757,1.8898,430.5655,73.0979,0.0000,99.220,766.891,4133.896,7.,2,3,1,1.51
374.0,15.2121,10.7055,1.8901,445.9406,73.2152,0.0000,98.323,767.637,4134.035,-5.,1,3,1,1.53
376.0,15.3579,10.7362,1.8903,457.9533,73.4618,0.0000,97.402,768.406,4134.187,-5.,1,3,1,1.53
378.0,15.5150,10.7679,1.8906,470.0192,73.7160,0.0000,96.475,769.198,4134.340,13.,1,3,1,1.53
380.0,15.6554,10.8004,1.8908,480.0887,74.1135,0.0000,95.524,770.010,4134.475,10.,2,3,1,1.53
382.0,15.7581,10.8337,1.8910,490.6369,74.2468,0.0000,94.534,770.843,4134.614,-9.,1,3,1,1.53
384.0,15.8574,10.8674,1.8913,495.7156,74.6620,0.0000,93.531,771.685,4134.772,-12.,2,3,1,1.54
386.0,15.9709,10.9016,1.8916,502.9481,74.9435,0.0000,92.530,772.541,4134.934,5.,2,3,1,1.55
388.0,16.0719,10.9364,1.8918,510.2244,75.2291,0.0000,91.516,773.411,4135.079,6.,2,3,1,1.55
390.0,16.1390,10.9718,1.8920,516.9005,75.3721,0.0000,90.474,774.294,4135.224,-9.,1,3,1,1.55
392.0,16.2026,11.0072,1.8923,518.1265,75.8110,0.0000,89.424,775.179,4135.384,-14.,2,3,1,1.55
394.0,16.2968,11.0430,1.8926,524.2525,75.9571,0.0000,88.393,776.075,4135.549,18.,1,3,1,1.57
396.0,16.3763,11.0791,1.8928,527.5339,76.4045,0.0000,87.358,776.978,4135.684,19.,2,3,1,1.57
398.0,16.3999,11.1155,1.8930,530.9020,76.5525,0.0000,86.286,777.886,4135.818,-10.,1,3,1,1.57
400.0,16.4521,11.1516,1.8933,529.2521,77.0026,0.0000,85.232,778.791,4135.982,5.,3,3,1,1.57
402.0,16.4894,11.1879,1.8936,530.1033,77.3022,0.0000,84.174,779.696,4136.131,2.,3,3,1,1.57
404.0,16.5223,11.2241,1.8938,529.9957,77.6018,0.0000,83.117,780.601,4136.284,3.,2,3,1,1.59
406.0,16.5323,11.2601,1.8941,528.5054,77.9026,0.0000,82.052,781.502,4136.438,-8.,2,3,1,1.59
408.0,16.5532,11.2960,1.8943,526.4694,78.1985,0.0000,80.998,782.399,4136.602,-1.,2,3,1,1.59
410.0,16.5554,11.3316,1.8946,524.0325,78.4959,0.0000,79.940,783.290,4136.760,-9.,2,3,1,1.59
412.0,16.5713,11.3670,1.8949,521.4111,78.7877,0.0000,78.898,784.175,4136.927,1.,2,3,1,1.61
414.0,16.5625,11.4021,1.8951,518.2145,79.0815,0.0000,77.853,785.054,4137.085,-9.,2,3,1,1.61
416.0,16.5672,11.4370,1.8954,514.5397,79.3684,0.0000,76.823,785.924,4137.253,-0.,2,3,1,1.61
418.0,16.5483,11.4714,1.8957,510.3373,79.6571,0.0000,75.793,786.785,4137.412,-10.,2,3,1,1.61
420.0,16.5458,11.5055,1.8960,505.8670,79.9379,0.0000,74.782,787.637,4137.582,1.,2,3,1,1.63
422.0,16.5173,11.5391,1.8962,500.9003,80.2204,0.0000,73.771,788.479,4137.741,-9.,2,3,1,1.63
424.0,16.5034,11.5723,1.8965,495.4724,80.4940,0.0000,72.779,789.308,4137.912,-0.,2,3,1,1.63
426.0,16.4664,11.6050,1.8968,489.5980,80.7689,0.0000,71.791,790.126,4138.074,-9.,2,3,1,1.63
428.0,16.4461,11.6372,1.8971,483.5167,81.0345,0.0000,70.824,790.931,4138.245,0.,2,3,1,1.65
430.0,16.4011,11.6689,1.8973,477.0289,81.3008,0.0000,69.861,791.723,4138.407,-9.,2,3,1,1.65
432.0,16.3702,11.7000,1.8976,470.1275,81.5573,0.0000,68.920,792.500,4138.579,-1.,2,3,1,1.65
434.0,16.3197,11.7305,1.8979,462.9519,81.8140,0.0000,67.986,793.262,4138.744,-8.,2,3,1,1.67
436.0,16.2802,11.7604,1.8982,455.4602,82.0609,0.0000,67.074,794.009,4138.916,-1.,2,3,1,1.67
438.0,16.2221,11.7896,1.8985,447.6015,82.3068,0.0000,66.171,794.739,4139.082,-8.,2,3,1,1.67
440.0,16.1777,11.8181,1.8988,439.6105,82.5433,0.0000,65.291,795.454,4139.255,-0.,2,3,1,1.68
442.0,16.1126,11.8460,1.8990,431.2845,82.7781,0.0000,64.421,796.151,4139.421,-8.,2,3,1,1.69
444.0,16.0599,11.8732,1.8993,422.6687,83.0030,0.0000,63.574,796.830,4139.595,-1.,2,3,1,1.69
446.0,15.9903,11.8996,1.8996,413.8496,83.2261,0.0000,62.739,797.491,4139.762,-7.,2,3,1,1.70
448.0,15.9315,11.9254,1.8999,404.8447,83.4391,0.0000,61.929,798.134,4139.937,-1.,2,3,1,1.70
450.0,15.8548,11.9503,1.9002,395.5140,83.6497,0.0000,61.129,798.758,4140.105,-8.,2,3,1,1.71
452.0,15.7938,11.9745,1.9005,386.1946,83.8501,0.0000,60.358,799.362,4140.281,1.,2,3,1,1.72
454.0,15.7102,11.9979,1.9007,376.5596,84.0481,0.0000,59.596,799.947,4140.448,-9.,2,3,1,1.72
456.0,15.6469,12.0205,1.9010,366.9414,84.2351,0.0000,58.865,800.513,4140.625,3.,2,3,1,1.74
458.0,15.5565,12.0423,1.9013,357.0062,84.4204,0.0000,58.141,801.058,4140.791,-10.,2,3,1,1.75
460.0,15.4921,12.0633,1.9016,347.1622,84.5934,0.0000,57.453,801.583,4140.970,6.,2,3,1,1.78
462.0,15.3934,12.0835,1.9019,336.9054,84.7659,0.0000,56.766,802.087,4141.134,-13.,2,3,1,1.80
464.0,15.3294,12.1028,1.9022,326.8432,84.9244,0.0000,56.122,802.571,4141.316,9.,2,3,1,1.82
466.0,15.2192,12.1213,1.9025,316.1893,85.0841,0.0000,55.473,803.033,4141.477,-16.,2,3,1,1.83
468.0,15.1634,12.1390,1.9028,306.1392,85.2271,0.0000,54.878,803.475,4141.664,17.,2,3,1,1.86
470.0,15.0739,12.1559,1.9030,297.1220,85.3709,0.0000,54.286,803.899,4141.818,3.,3,3,1,1.89
472.0,14.9920,12.1721,1.9033,286.9184,85.5050,0.0000,53.721,804.302,4141.986,9.,2,3,1,1.89
474.0,14.8753,12.1872,1.9036,275.3776,85.6371,0.0000,53.158,804.681,4142.148,-13.,2,3,1,1.90
476.0,14.8003,12.2015,1.9039,264.3610,85.7539,0.0000,52.639,805.038,4142.332,10.,2,3,1,1.92
478.0,14.6785,12.2149,1.9042,253.0843,85.8710,0.0000,52.115,805.373,4142.495,-18.,2,3,1,1.93
480.0,14.5920,12.2273,1.9045,241.4040,85.9739,0.0000,51.631,805.684,4142.684,-2.,3,3,1,1.95
482.0,14.4784,12.2389,1.9048,230.1775,86.0733,0.0000,51.153,805.972,4142.858,-17.,2,3,1,1.95
484.0,14.4171,12.2496,1.9051,220.3768,86.1587,0.0000,50.728,806.240,4143.048,16.,2,3,1,1.96
486.0,14.3190,12.2596,1.9053,211.3481,86.2445,0.0000,50.306,806.490,4143.205,1.,3,3,1,1.98
488.0,14.2378,12.2688,1.9056,201.4404,86.3207,0.0000,49.916,806.721,4143.376,13.,2,3,1,1.99
490.0,14.1117,12.2771,1.9059,190.1469,86.3958,0.0000,49.520,806.928,4143.536,-16.,2,3,1,1.99
492.0,14.0413,12.2846,1.9062,179.5918,86.4543,0.0000,49.177,807.114,4143.725,16.,2,3,1,2.01
494.0,13.9397,12.2913,1.9065,170.2637,86.5126,0.0000,48.839,807.282,4143.882,2.,3,3,1,2.02
496.0,13.8541,12.2972,1.9068,160.2906,86.5612,0.0000,48.531,807.429,4144.052,13.,2,3,1,2.04
498.0,13.7298,12.3022,1.9070,149.1988,86.6086,0.0000,48.220,807.555,4144.213,-13.,2,3,1,2.04
500.0,13.6535,12.3064,1.9073,138.7611,86.6403,0.0000,47.956,807.659,4144.399,14.,2,3,1,2.05
502.0,13.5493,12.3098,1.9076,129.3382,86.6711,0.0000,47.698,807.744,4144.559,0.,3,3,1,2.05
504.0,13.4626,12.3124,1.9079,119.5085,86.6924,0.0000,47.469,807.810,4144.732,11.,2,3,1,2.06
506.0,13.3421,12.3142,1.9082,108.8849,86.7123,0.0000,47.240,807.854,4144.895,-12.,2,3,1,2.06
508.0,13.2641,12.3151,1.9085,98.8685,86.7175,0.0000,47.053,807.878,4145.080,11.,2,3,1,2.06
510.0,13.1625,12.3154,1.9087,89.8095,86.7217,0.0000,46.874,807.885,4145.242,1.,3,3,1,2.06
512.0,13.0735,12.3149,1.9090,80.3090,86.7170,0.0000,46.720,807.872,4145.415,7.,2,3,1,2.07
514.0,12.9599,12.3136,1.9093,70.2324,86.7101,0.0000,46.572,807.839,4145.581,-8.,2,3,1,2.07
516.0,12.8779,12.3115,1.9096,60.6597,86.6907,0.0000,46.457,807.787,4145.762,6.,2,3,1,2.07
518.0,12.7627,12.3086,1.9099,51.0082,86.6709,0.0000,46.342,807.715,4145.929,-13.,2,3,1,2.07
520.0,12.6905,12.3050,1.9102,42.0082,86.6377,0.0000,46.273,807.626,4146.116,15.,2,3,1,2.07
522.0,12.5708,12.3007,1.9105,32.7484,86.6072,0.0000,46.190,807.518,4146.274,-18.,2,3,1,2.08
524.0,12.4829,12.2956,1.9108,22.8588,86.5636,0.0000,46.144,807.391,4146.465,-0.,3,3,1,2.08
526.0,12.3769,12.2898,1.9111,13.6930,86.5172,0.0000,46.102,807.245,4146.638,-14.,2,3,1,2.08
528.0,12.3075,12.2833,1.9114,5.5880,86.4595,0.0000,46.104,807.084,4146.825,13.,2,3,1,2.08
530.0,12.1954,12.2764,1.9116,0.0000,86.4041,0.0000,46.095,806.911,4146.985,-9.,2,3,1,2.09
532.0,12.0902,12.2695,1.9119,0.0000,86.3432,0.0000,46.098,806.738,4147.167,3.,2,4,1,2.09
534.0,11.9499,12.2626,1.9122,0.0000,86.2832,0.0000,46.091,806.566,4147.336,-4.,2,4,1,2.09
536.0,11.8253,12.2557,1.9125,0.0000,86.2233,0.0000,46.099,806.393,4147.516,4.,2,4,1,2.09
538.0,11.6636,12.2488,1.9128,0.0000,86.1635,0.0000,46.090,806.221,4147.680,-5.,2,4,1,2.09
540.0,11.5277,12.2419,1.9131,0.0000,86.1036,0.0000,46.101,806.049,4147.861,6.,2,4,1,2.10
542.0,11.3444,12.2351,1.9134,0.0000,86.0439,0.0000,46.087,805.877,4148.022,-9.,2,4,1,2.10
544.0,11.2137,12.2282,1.9137,0.0000,85.9841,0.0000,46.113,805.705,4148.209,18.,2,4,1,2.11
546.0,11.0174,12.2213,1.9139,0.0000,85.9245,0.0000,46.092,805.533,4148.355,-3.,3,4,1,2.12
548.0,10.8551,12.2144,1.9142,0.0000,85.8649,0.0000,46.101,805.361,4148.547,6.,2,4,1,2.12
550.0,10.6645,12.2076,1.9145,0.0000,85.8052,0.0000,46.093,805.189,4148.710,-2.,2,4,1,2.12
552.0,10.4986,12.2007,1.9148,0.0000,85.7456,0.0000,46.100,805.018,4148.890,4.,2,4,1,2.12
554.0,10.3019,12.1939,1.9151,0.0000,85.6861,0.0000,46.092,804.846,4149.054,-3.,2,4,1,2.12
556.0,10.1323,12.1870,1.9154,0.0000,85.6266,0.0000,46.101,804.675,4149.233,6.,2,4,1,2.13
558.0,9.9232,12.1802,1.9157,0.0000,85.5672,0.0000,46.084,804.504,4149.395,-12.,2,4,1,2.13
560.0,9.7626,12.1733,1.9160,0.0000,85.5077,0.0000,46.110,804.333,4149.583,15.,2,4,1,2.13
562.0,9.5519,12.1665,1.9162,0.0000,85.4484,0.0000,46.094,804.162,4149.727,-1.,3,4,1,2.14
564.0,9.3618,12.1597,1.9165,0.0000,85.3892,0.0000,46.097,803.991,4149.915,2.,2,4,1,2.15
566.0,9.1611,12.1528,1.9168,0.0000,85.3298,0.0000,46.095,803.821,4150.082,0.,2,4,1,2.15
568.0,8.9691,12.1460,1.9171,0.0000,85.2706,0.0000,46.096,803.650,4150.255,1.,2,4,1,2.15
570.0,8.7642,12.1392,1.9174,0.0000,85.2114,0.0000,46.093,803.480,4150.424,-2.,2,4,1,2.15
572.0,8.5704,12.1324,1.9177,0.0000,85.1522,0.0000,46.097,803.309,4150.598,2.,2,4,1,2.16
574.0,8.3604,12.1256,1.9179,0.0000,85.0931,0.0000,46.090,803.139,4150.764,-6.,2,4,1,2.17
576.0,8.1691,12.1188,1.9182,0.0000,85.0340,0.0000,46.101,802.969,4150.941,6.,2,4,1,2.17
578.0,7.9480,12.1120,1.9185,0.0000,84.9750,0.0000,46.083,802.799,4151.100,-12.,2,4,1,2.17
580.0,7.7562,12.1052,1.9188,0.0000,84.9160,0.0000,46.096,802.629,4151.287,1.,3,4,1,2.18
582.0,7.5466,12.0984,1.9191,0.0000,84.8570,0.0000,46.092,802.460,4151.444,-3.,2,4,1,2.18
584.0,7.3470,12.0916,1.9194,0.0000,84.7981,0.0000,46.099,802.290,4151.618,4.,2,4,1,2.18
586.0,7.1316,12.0848,1.9196,0.0000,84.7393,0.0000,46.090,802.121,4151.781,-6.,2,4,1,2.19
588.0,6.9351,12.0781,1.9199,0.0000,84.6805,0.0000,46.101,801.951,4151.959,6.,2,4,1,2.20
590.0,6.7130,12.0713,1.9202,0.0000,84.6217,0.0000,46.083,801.782,4152.117,-12.,2,4,1,2.20
592.0,6.5291,12.0645,1.9205,0.0000,84.5629,0.0000,46.114,801.613,4152.304,19.,2,4,1,2.20
594.0,6.3060,12.0578,1.9207,0.0000,84.5043,0.0000,46.094,801.444,4152.442,-1.,3,4,1,2.22
596.0,6.1031,12.0510,1.9211,0.0000,84.4457,0.0000,46.099,801.275,4152.631,4.,2,4,1,2.22
598.0,5.8883,12.0443,1.9213,0.0000,84.3870,0.0000,46.088,801.106,4152.795,-8.,2,4,1,2.22
600.0,5.6939,12.0375,1.9216,0.0000,84.3283,0.0000,46.103,800.938,4152.975,8.,2,4,1,2.22
602.0,5.4753,12.0308,1.9219,0.0000,84.2698,0.0000,46.083,800.769,4153.128,-12.,2,4,1,2.24
604.0,5.2809,12.0240,1.9222,0.0000,84.2113,0.0000,46.096,800.601,4153.316,1.,3,4,1,2.24
606.0,5.0744,12.0173,1.9225,0.0000,84.1528,0.0000,46.089,800.432,4153.472,-6.,2,4,1,2.25
608.0,4.8807,12.0106,1.9227,0.0000,84.0944,0.0000,46.103,800.264,4153.647,8.,2,4,1,2.26
610.0,4.6697,12.0038,1.9230,0.0000,84.0361,0.0000,46.083,800.096,4153.801,-12.,2,4,1,2.27
612.0,4.4873,11.9971,1.9233,0.0000,83.9777,0.0000,46.113,799.928,4153.989,17.,2,4,1,2.27
614.0,4.2807,11.9904,1.9235,0.0000,83.9195,0.0000,46.094,799.760,4154.127,-1.,3,4,1,2.29
616.0,4.0895,11.9837,1.9239,0.0000,83.8613,0.0000,46.100,799.593,4154.313,5.,2,4,1,2.29
618.0,3.8899,11.9770,1.9241,0.0000,83.8030,0.0000,46.084,799.425,4154.475,-11.,2,4,1,2.30
620.0,3.7128,11.9703,1.9244,0.0000,83.7447,0.0000,46.109,799.257,4154.659,14.,2,4,1,2.32
622.0,3.5189,11.9636,1.9247,0.0000,83.6867,0.0000,46.094,799.090,4154.801,-1.,3,4,1,2.33
624.0,3.3378,11.9569,1.9250,0.0000,83.6286,0.0000,46.099,798.923,4154.983,4.,2,4,1,2.35
626.0,3.1505,11.9502,1.9252,0.0000,83.5705,0.0000,46.083,798.756,4155.145,-12.,2,4,1,2.36
628.0,2.9842,11.9435,1.9255,0.0000,83.5124,0.0000,46.110,798.589,4155.328,15.,2,4,1,2.38
630.0,2.8036,11.9369,1.9258,0.0000,83.4545,0.0000,46.094,798.422,4155.468,-1.,3,4,1,2.39
632.0,2.6364,11.9302,1.9261,0.0000,83.3967,0.0000,46.101,798.255,4155.651,6.,2,4,1,2.41
634.0,2.4628,11.9235,1.9264,0.0000,83.3387,0.0000,46.080,798.088,4155.810,-15.,2,4,1,2.42
636.0,2.3066,11.9169,1.9267,0.0000,83.2808,0.0000,46.096,797.922,4155.999,1.,3,4,1,2.44
638.0,2.1455,11.9102,1.9269,0.0000,83.2229,0.0000,46.085,797.755,4156.149,-10.,2,4,1,2.45
640.0,2.0004,11.9036,1.9272,0.0000,83.1652,0.0000,46.114,797.589,4156.326,19.,2,4,1,2.46
642.0,1.8460,11.8969,1.9274,0.0000,83.1076,0.8227,46.094,797.423,4156.462,-1.,3,4,1,2.49
7045.0,1.7791,12.0407,1.9194,0.0000,84.3726,14.4323,47.344,801.016,4151.659,20.,3,1,10,39.50
7046.0,1.7106,12.0373,1.9195,0.0000,84.3293,34.9258,47.360,800.932,4151.689,-18.,5,1,10,39.55
7047.0,1.6529,12.0339,1.9196,0.0000,84.3006,47.5558,47.425,800.848,4151.744,17.,5,1,10,39.60
7048.0,1.5908,12.0305,1.9196,0.0000,84.2720,59.5472,47.469,800.764,4151.752,-16.,5,1,10,39.65
7049.0,1.5359,12.0272,1.9196,0.0000,84.2580,71.2455,47.548,800.679,4151.781,8.,1,1,10,39.69
7050.0,1.4856,12.0238,1.9196,0.0000,84.2155,81.7766,47.649,800.595,4151.775,20.,3,1,10,39.72
7051.0,1.4310,12.0204,1.9196,0.0000,84.2015,92.2697,47.733,800.511,4151.747,-9.,1,1,10,39.76
7052.0,1.3779,12.0171,1.9196,0.0000,84.1598,103.0271,47.821,800.427,4151.738,-15.,3,1,10,39.81
7053.0,1.3311,12.0137,1.9195,0.0000,84.1319,113.0149,47.944,800.343,4151.724,10.,2,1,10,39.85
7054.0,1.2860,12.0103,1.9195,0.0000,84.1043,122.1934,48.079,800.258,4151.675,13.,2,1,10,39.89
7055.0,1.2364,12.0070,1.9194,0.0000,84.0907,131.6480,48.191,800.174,4151.615,-20.,1,1,10,39.94
7056.0,1.1902,12.0036,1.9193,0.0000,84.0497,141.2050,48.318,800.090,4151.577,-14.,3,1,10,39.99
7057.0,1.1503,12.0003,1.9192,0.0000,84.0223,149.8007,48.488,800.006,4151.526,19.,2,1,10,40.04
7058.0,1.1105,11.9969,1.9191,0.0000,83.9953,157.7454,48.659,799.922,4151.432,14.,2,1,10,40.09
7059.0,1.0672,11.9935,1.9189,0.0000,83.9686,166.0229,48.810,799.838,4151.336,-16.,2,1,10,40.14
7060.0,1.0254,11.9902,1.9188,0.0000,83.9419,174.5017,48.968,799.754,4151.261,-17.,2,1,10,40.18
7061.0,0.9893,11.9868,1.9186,0.0000,83.9284,182.2849,49.165,799.670,4151.180,16.,1,1,10,40.23
7062.0,0.9540,11.9835,1.9184,0.0000,83.8884,189.3780,49.370,799.587,4151.059,15.,2,1,10,40.28
7063.0,0.9162,11.9801,1.9182,0.0000,83.8622,196.6426,49.555,799.503,4150.931,-11.,2,1,10,40.33
7064.0,0.8796,11.9768,1.9180,0.0000,83.8359,204.0452,49.746,799.419,4150.822,-13.,2,1,10,40.38
7065.0,0.8476,11.9734,1.9178,0.0000,83.8226,210.8908,49.974,799.335,4150.708,17.,1,1,10,40.42
7066.0,0.8157,11.9700,1.9176,0.0000,83.7834,217.2109,50.201,799.251,4150.558,10.,2,1,10,40.47
7067.0,0.7825,11.9667,1.9173,0.0000,83.7575,223.6675,50.414,799.167,4150.408,-11.,2,1,10,40.52
7068.0,0.7510,11.9634,1.9171,0.0000,83.7316,230.0947,50.639,799.084,4150.272,-6.,2,1,10,40.57
7069.0,0.7214,11.9600,1.9169,0.0000,83.7057,236.1550,50.878,799.000,4150.125,3.,2,1,10,40.62
7070.0,0.6920,11.9567,1.9166,0.0000,83.6927,242.0345,51.114,798.916,4149.964,-6.,1,1,10,40.66
7071.0,0.6638,11.9533,1.9163,0.0000,83.6542,247.7161,51.357,798.833,4149.806,-5.,2,1,10,40.71
7072.0,0.6381,11.9500,1.9161,0.0000,83.6414,253.0709,51.622,798.749,4149.641,12.,1,1,10,40.76
7073.0,0.6140,11.9466,1.9158,0.0000,83.6158,257.9949,51.899,798.665,4149.455,19.,1,1,10,40.81
7074.0,0.5896,11.9433,1.9154,0.0000,83.5905,262.7830,52.168,798.582,4149.256,6.,1,1,10,40.85
7075.0,0.5659,11.9399,1.9151,0.0000,83.5528,267.5021,52.434,798.498,4149.066,-1.,2,1,10,40.93
7076.0,0.5438,11.9366,1.9148,0.0000,83.5402,272.0502,52.717,798.415,4148.879,11.,1,1,10,40.97
7077.0,0.5232,11.9332,1.9145,0.0000,83.5149,276.2517,53.010,798.331,4148.675,17.,1,1,10,41.02
7078.0,0.5026,11.9299,1.9141,0.0000,83.4899,280.3038,53.294,798.248,4148.462,4.,1,1,10,41.07
7079.0,0.4834,11.9266,1.9138,0.0000,83.4526,284.1836,53.583,798.164,4148.258,5.,2,1,10,41.14
7080.0,0.4641,11.9232,1.9134,0.0000,83.4276,287.9678,53.862,798.081,4148.048,-9.,2,1,10,41.19
7081.0,0.4479,11.9199,1.9131,0.0000,83.4027,291.4499,54.173,797.997,4147.849,20.,2,1,10,41.24
7082.0,0.4303,11.9166,1.9127,0.0000,83.3778,294.7559,54.448,797.914,4147.618,-19.,3,1,10,41.30
7083.0,0.4143,11.9132,1.9124,0.0000,83.3530,298.0457,54.730,797.831,4147.423,-16.,4,1,10,41.35
7084.0,0.4008,11.9099,1.9120,0.0000,83.3280,300.9287,55.042,797.747,4147.221,11.,3,1,10,41.40
7085.0,0.3886,11.9066,1.9117,0.0000,83.3155,303.4614,55.358,797.664,4146.991,13.,1,1,10,41.43
7086.0,0.3762,11.9032,1.9113,0.0000,83.2787,305.8084,55.649,797.581,4146.755,-15.,2,1,10,41.48
7087.0,0.3653,11.8999,1.9109,0.0000,83.2540,308.0661,55.944,797.498,4146.546,-12.,3,1,10,41.52
7088.0,0.3569,11.8966,1.9106,0.0000,83.2416,309.9629,56.272,797.414,4146.331,18.,1,1,10,41.57
7089.0,0.3494,11.8932,1.9101,0.0000,83.2047,311.4366,56.594,797.331,4146.085,11.,2,1,10,41.62
7090.0,0.3424,11.8899,1.9097,0.0000,83.1803,312.8018,56.896,797.248,4145.845,-11.,3,1,10,41.65
7091.0,0.3366,11.8866,1.9094,0.0000,83.1558,314.0061,57.193,797.165,4145.626,-17.,2,1,10,41.69
7092.0,0.3325,11.8833,1.9090,0.0000,83.1311,314.9251,57.499,797.082,4145.411,-9.,2,1,10,41.73
7093.0,0.3299,11.8799,1.9086,0.0000,83.1064,315.5281,57.807,796.999,4145.187,-8.,2,1,10,41.76
7094.0,0.3284,11.8766,1.9083,0.0000,83.0819,315.8703,58.108,796.915,4144.962,-15.,2,1,10,41.80
7095.0,0.3281,11.8733,1.9079,0.0000,83.0572,315.9705,58.412,796.832,4144.744,-12.,2,1,10,41.83
7096.0,0.3292,11.8700,1.9075,0.0000,83.0326,315.8146,58.723,796.749,4144.523,-4.,2,1,10,41.87
7098.0,0.3342,11.8633,1.9068,0.0000,82.9958,315.0948,59.355,796.583,4144.063,1.,3,1,10,41.89
7100.0,0.3413,11.8567,1.9060,0.0000,82.9469,313.7338,59.976,796.417,4143.600,-6.,2,1,10,41.90
7102.0,0.3501,11.8501,1.9052,0.0000,82.8980,311.9866,60.603,796.252,4143.148,3.,3,1,10,41.92
7104.0,0.3599,11.8434,1.9045,0.0000,82.8491,309.9661,61.222,796.086,4142.691,-1.,2,1,10,41.93
7106.0,0.3704,11.8368,1.9037,0.0000,82.8001,307.7865,61.841,795.920,4142.242,3.,2,1,10,41.94
7108.0,0.3809,11.8302,1.9030,0.0000,82.7512,305.5372,62.451,795.755,4141.793,-1.,2,1,10,41.96
7110.0,0.3916,11.8236,1.9023,0.0000,82.7022,303.2722,63.060,795.589,4141.353,2.,2,1,10,41.97
7112.0,0.4022,11.8170,1.9015,0.0000,82.6532,301.0019,63.661,795.424,4140.914,-1.,2,1,10,41.98
7114.0,0.4126,11.8104,1.9008,0.0000,82.6287,298.8298,64.245,795.259,4140.482,-14.,1,1,10,42.00
7116.0,0.4228,11.8038,1.9001,0.0000,82.5796,296.6213,64.820,795.094,4140.068,-19.,1,1,10,42.01
7118.0,0.4331,11.7971,1.8994,0.0000,82.5303,294.4306,65.394,794.929,4139.663,-15.,1,1,10,42.02
7120.0,0.4435,11.7905,1.8988,0.0000,82.4809,292.2284,65.973,794.764,4139.258,-5.,1,1,10,42.04
7122.0,0.4540,11.7840,1.8981,0.0000,82.4316,290.0060,66.554,794.599,4138.848,1.,1,1,10,42.05
7124.0,0.4644,11.7774,1.8974,0.0000,82.3823,287.7772,67.131,794.434,4138.436,1.,1,1,10,42.06
7126.0,0.4748,11.7708,1.8967,0.0000,82.3331,285.5600,67.700,794.269,4138.028,-2.,1,1,10,42.08
7128.0,0.4851,11.7642,1.8960,0.0000,82.2839,283.3578,68.264,794.105,4137.628,-3.,1,1,10,42.09
7130.0,0.4954,11.7576,1.8954,0.0000,82.2346,281.1596,68.827,793.940,4137.233,0.,1,1,10,42.10
7132.0,0.5058,11.7510,1.8947,0.0000,82.1852,278.9539,69.390,793.776,4136.839,5.,1,1,10,42.12
7134.0,0.5162,11.7445,1.8941,0.0000,82.1359,276.7400,69.950,793.612,4136.445,7.,1,1,10,42.13
7136.0,0.5266,11.7379,1.8934,0.0000,82.0866,274.5261,70.506,793.448,4136.053,7.,1,1,10,42.14
7138.0,0.5370,11.7313,1.8928,0.0000,82.0373,272.3198,71.055,793.284,4135.666,5.,1,1,10,42.15
7140.0,0.5473,11.7248,1.8921,0.0000,81.9880,270.1206,71.601,793.120,4135.285,5.,1,1,10,42.17
7142.0,0.5577,11.7182,1.8915,0.0000,81.9387,267.9224,72.143,792.956,4134.908,7.,1,1,10,42.18
7144.0,0.5681,11.7117,1.8909,0.0000,81.8893,265.7206,72.683,792.792,4134.534,8.,1,1,10,42.19
7146.0,0.5785,11.7051,1.8903,0.0000,81.8399,263.5165,73.219,792.628,4134.162,9.,1,1,10,42.21
7148.0,0.5889,11.6986,1.8897,0.0000,81.7905,261.3144,73.749,792.465,4133.794,8.,1,1,10,42.22
7150.0,0.5993,11.6920,1.8891,0.0000,81.7411,259.1171,74.273,792.301,4133.431,5.,1,1,10,42.22
7152.0,0.6096,11.6855,1.8885,0.0000,81.6916,256.9234,74.796,792.138,4133.076,9.,1,1,10,42.23
7154.0,0.6200,11.6790,1.8879,0.0000,81.6421,254.7309,75.311,791.974,4132.720,5.,1,1,10,42.24
7156.0,0.6304,11.6725,1.8873,0.0000,81.5926,252.5359,75.826,791.811,4132.373,10.,1,1,10,42.25
7158.0,0.6408,11.6659,1.8867,0.0000,81.5430,250.3427,76.332,791.648,4132.025,6.,1,1,10,42.25
7160.0,0.6511,11.6594,1.8861,0.0000,81.4935,248.1503,76.837,791.485,4131.686,8.,1,1,10,42.26
7162.0,0.6615,11.6529,1.8856,0.0000,81.4439,245.9626,77.334,791.322,4131.349,6.,1,1,10,42.26
7164.0,0.6719,11.6464,1.8850,0.0000,81.3943,243.7759,77.830,791.160,4131.018,7.,1,1,10,42.28
7166.0,0.6823,11.6399,1.8845,0.0000,81.3446,241.5907,78.318,790.997,4130.690,5.,1,1,10,42.28
7168.0,0.6926,11.6334,1.8839,0.0000,81.2949,239.4052,78.804,790.834,4130.369,7.,1,1,10,42.29
7170.0,0.7030,11.6269,1.8834,0.0000,81.2452,237.2216,79.284,790.672,4130.049,5.,1,1,10,42.29
7172.0,0.7134,11.6204,1.8829,0.0000,81.1955,235.0394,79.760,790.509,4129.737,6.,1,1,10,42.31
7174.0,0.7238,11.6139,1.8824,0.0000,81.1457,232.8602,80.230,790.347,4129.427,4.,1,1,10,42.31
7176.0,0.7342,11.6074,1.8819,0.0000,81.0959,230.6819,80.697,790.185,4129.124,6.,1,1,10,42.32
7178.0,0.7445,11.6009,1.8814,0.0000,81.0460,228.5054,81.158,790.023,4128.823,4.,1,1,10,42.32
7180.0,0.7549,11.5944,1.8809,0.0000,80.9962,226.3292,81.616,789.861,4128.528,6.,1,1,10,42.34
7182.0,0.7653,11.5880,1.8804,0.0000,80.9463,224.1551,82.068,789.699,4128.237,3.,1,1,10,42.34
7184.0,0.7757,11.5815,1.8799,0.0000,80.8964,221.9823,82.517,789.537,4127.951,5.,1,1,10,42.35
7186.0,0.7860,11.5750,1.8794,0.0000,80.8464,219.8119,82.950,789.375,4127.668,-6.,1,1,10,42.35
7188.0,0.7964,11.5686,1.8790,0.0000,80.7964,217.6424,83.399,789.214,4127.400,13.,1,1,10,42.36
7190.0,0.8068,11.5621,1.8785,0.0000,80.7463,215.4775,83.824,789.052,4127.118,-6.,1,1,10,42.36
7192.0,0.8172,11.5556,1.8781,0.0000,80.6964,213.3076,84.263,788.891,4126.858,13.,1,1,10,42.38
7194.0,0.8276,11.5492,1.8776,0.0000,80.6462,211.1454,84.680,788.730,4126.585,-6.,1,1,10,42.38
7196.0,0.8379,11.5427,1.8772,0.0000,80.5962,208.9787,85.110,788.568,4126.334,12.,1,1,10,42.39
7198.0,0.8483,11.5363,1.8768,0.0000,80.5460,206.8196,85.518,788.407,4126.069,-5.,1,1,10,42.39
7200.0,0.8587,11.5299,1.8764,0.0000,80.4960,204.6559,85.939,788.246,4125.826,12.,1,1,10,42.39
7202.0,0.8691,11.5234,1.8760,0.0000,80.4457,202.4993,86.349,788.086,4125.570,4.,1,1,10,42.41
7204.0,0.8794,11.5170,1.8755,0.0000,80.3956,200.3385,86.744,787.925,4125.326,-5.,1,1,10,42.41
7206.0,0.8898,11.5106,1.8752,0.0000,80.3454,198.1815,87.153,787.764,4125.095,12.,1,1,10,42.41
7208.0,0.9002,11.5041,1.8748,0.0000,80.2950,196.0290,87.549,787.603,4124.852,5.,1,1,10,42.42
7210.0,0.9106,11.4977,1.8744,0.0000,80.2449,193.8725,87.933,787.443,4124.620,-4.,1,1,10,42.42
7212.0,0.9210,11.4913,1.8740,0.0000,80.1946,191.7196,88.329,787.283,4124.401,12.,1,1,10,42.42
7214.0,0.9313,11.4849,1.8736,0.0000,80.1442,189.5710,88.714,787.122,4124.170,6.,1,1,10,42.44
7216.0,0.9417,11.4785,1.8732,0.0000,80.0940,187.4184,89.087,786.962,4123.949,-2.,1,1,10,42.44
7218.0,0.9521,11.4721,1.8729,0.0000,80.0436,185.2693,89.470,786.802,4123.741,13.,1,1,10,42.44
7220.0,0.9625,11.4657,1.8725,0.0000,79.9931,183.1245,89.844,786.642,4123.521,7.,1,1,10,42.45
7222.0,0.9728,11.4593,1.8722,0.0000,79.9429,180.9758,90.205,786.482,4123.312,-0.,1,1,10,42.45
7224.0,0.9832,11.4529,1.8719,0.0000,79.8925,178.8305,90.577,786.322,4123.115,15.,1,1,10,42.46
7226.0,0.9936,11.4465,1.8715,0.0000,79.8420,176.6892,90.940,786.163,4122.907,9.,1,1,10,42.47
7228.0,1.0040,11.4401,1.8712,0.0000,79.7916,174.5442,91.291,786.003,4122.708,2.,1,1,10,42.47
7230.0,1.0144,11.4337,1.8709,0.0000,79.7412,172.4025,91.652,785.844,4122.521,16.,1,1,10,42.47
7232.0,1.0247,11.4274,1.8705,0.0000,79.6906,170.2646,92.004,785.684,4122.323,11.,1,1,10,42.48
7234.0,1.0351,11.4210,1.8702,0.0000,79.6402,168.1232,92.344,785.525,4122.135,4.,1,1,10,42.49
7236.0,1.0455,11.4146,1.8699,0.0000,79.5898,165.9850,92.695,785.366,4121.958,19.,1,1,10,42.49
7238.0,1.0559,11.4083,1.8696,0.0000,79.5392,163.8503,93.036,785.207,4121.771,14.,1,1,10,42.50
7240.0,1.0662,11.4019,1.8693,0.0000,79.4887,161.7124,93.367,785.048,4121.593,8.,1,1,10,42.50
7242.0,1.0762,11.3956,1.8690,0.0000,79.4129,159.5908,93.696,784.889,4121.425,10.,2,1,10,42.50
7244.0,1.0856,11.3892,1.8688,0.0000,79.3876,157.6231,93.996,784.730,4121.259,-15.,1,1,10,42.50
7246.0,1.0949,11.3829,1.8685,0.0000,79.3370,155.7022,94.289,784.571,4121.121,-19.,1,1,10,42.52
7248.0,1.1043,11.3765,1.8683,0.0000,79.2860,153.7915,94.578,784.413,4120.991,-18.,1,1,10,42.52
7250.0,1.1140,11.3702,1.8681,0.0000,79.2350,151.8334,94.881,784.254,4120.863,-1.,1,1,10,42.52
7252.0,1.1238,11.3638,1.8679,0.0000,79.1839,149.8384,95.188,784.096,4120.723,7.,1,1,10,42.52
7254.0,1.1334,11.3575,1.8676,0.0000,79.1331,147.8491,95.483,783.938,4120.578,-1.,1,1,10,42.53
7256.0,1.1429,11.3512,1.8674,0.0000,79.0823,145.8964,95.763,783.780,4120.446,-12.,1,1,10,42.53
7258.0,1.1522,11.3449,1.8672,0.0000,79.0314,143.9712,96.046,783.622,4120.328,-5.,1,1,10,42.54
7260.0,1.1618,11.3385,1.8670,0.0000,78.9804,142.0404,96.334,783.464,4120.207,4.,1,1,10,42.54
7262.0,1.1714,11.3322,1.8668,0.0000,78.9294,140.0822,96.620,783.306,4120.080,5.,1,1,10,42.55
7264.0,1.1811,11.3259,1.8666,0.0000,78.8786,138.1088,96.897,783.148,4119.956,1.,1,1,10,42.55
7266.0,1.1906,11.3196,1.8664,0.0000,78.8277,136.1461,97.175,782.990,4119.840,6.,1,1,10,42.55
7268.0,1.2001,11.3133,1.8662,0.0000,78.7768,134.2043,97.452,782.833,4119.724,9.,1,1,10,42.55
7270.0,1.2096,11.3070,1.8660,0.0000,78.7259,132.2695,97.723,782.675,4119.608,6.,1,1,10,42.55
7272.0,1.2192,11.3007,1.8658,0.0000,78.6750,130.3265,97.994,782.518,4119.498,10.,1,1,10,42.57
7274.0,1.2288,11.2944,1.8656,0.0000,78.6241,128.3732,98.259,782.361,4119.388,8.,1,1,10,42.57
7276.0,1.2384,11.2881,1.8655,0.0000,78.5732,126.4164,98.527,782.204,4119.285,15.,1,1,10,42.57
7278.0,1.2479,11.2819,1.8653,0.0000,78.5222,124.4685,98.791,782.046,4119.178,15.,1,1,10,42.57
7280.0,1.2574,11.2756,1.8651,0.0000,78.4714,122.5277,99.055,781.890,4119.075,19.,1,1,10,42.57
7282.0,1.2669,11.2693,1.8650,0.0000,78.4205,120.5894,99.314,781.733,4118.971,18.,1,1,10,42.58
7284.0,1.2765,11.2630,1.8648,0.0000,78.3696,118.6457,99.567,781.576,4118.873,16.,1,1,10,42.59
7286.0,1.2856,11.2568,1.8646,0.0000,78.2933,116.7280,99.816,781.419,4118.780,16.,2,1,10,42.59
7288.0,1.2942,11.2505,1.8645,0.0000,78.2678,114.9459,100.039,781.263,4118.691,-7.,1,1,10,42.59
7290.0,1.3025,11.2443,1.8644,0.0000,78.2169,113.2341,100.258,781.106,4118.628,-8.,1,1,10,42.59
7292.0,1.3110,11.2380,1.8643,0.0000,78.1656,111.5351,100.483,780.950,4118.569,2.,1,1,10,42.59
7294.0,1.3198,11.2318,1.8642,0.0000,78.1143,109.7828,100.711,780.794,4118.503,9.,1,1,10,42.59
7296.0,1.3287,11.2255,1.8641,0.0000,78.0632,107.9845,100.943,780.638,4118.435,16.,1,1,10,42.60
7298.0,1.3375,11.2193,1.8639,0.0000,78.0121,106.1939,101.163,780.482,4118.363,8.,1,1,10,42.61
7300.0,1.3460,11.2130,1.8638,0.0000,77.9611,104.4441,101.380,780.326,4118.302,8.,1,1,10,42.61
7302.0,1.3544,11.2068,1.8637,0.0000,77.9099,102.7257,101.594,780.170,4118.245,9.,1,1,10,42.61
7304.0,1.3631,11.2006,1.8636,0.0000,77.8588,100.9982,101.810,780.014,4118.190,14.,1,1,10,42.61
7306.0,1.3714,11.1943,1.8636,0.0000,77.7821,99.2763,102.022,779.859,4118.132,13.,2,1,10,42.61
7308.0,1.3792,11.1881,1.8635,0.0000,77.7566,97.6571,102.213,779.703,4118.080,-4.,1,1,10,42.61
7310.0,1.3866,11.1819,1.8634,0.0000,77.7055,96.1185,102.395,779.548,4118.047,-10.,1,1,10,42.61
7312.0,1.3942,11.1757,1.8634,0.0000,77.6542,94.6077,102.580,779.392,4118.023,-4.,1,1,10,42.61
7314.0,1.4020,11.1695,1.8633,0.0000,77.6027,93.0557,102.772,779.237,4117.997,5.,1,1,10,42.62
7316.0,1.4101,11.1633,1.8633,0.0000,77.5513,91.4541,102.967,779.082,4117.963,12.,1,1,10,42.63
7318.0,1.4180,11.1571,1.8632,0.0000,77.5001,89.8470,103.153,778.927,4117.926,7.,1,1,10,42.63
7320.0,1.4257,11.1509,1.8632,0.0000,77.4490,88.2745,103.337,778.772,4117.898,7.,1,1,10,42.63
7322.0,1.4333,11.1447,1.8631,0.0000,77.3977,86.7368,103.517,778.617,4117.872,7.,1,1,10,42.63
7324.0,1.4410,11.1385,1.8631,0.0000,77.3465,85.1983,103.699,778.463,4117.850,11.,1,1,10,42.63
7326.0,1.4488,11.1323,1.8630,0.0000,77.2952,83.6347,103.883,778.308,4117.826,17.,1,1,10,42.63
7328.0,1.4563,11.1261,1.8630,0.0000,77.2185,82.0853,104.061,778.154,4117.799,13.,2,1,10,42.64
7330.0,1.4633,11.1200,1.8630,0.0000,77.1929,80.6375,104.219,777.999,4117.779,-3.,1,1,10,42.64
7332.0,1.4699,11.1138,1.8630,0.0000,77.1417,79.2760,104.367,777.845,4117.777,-11.,1,1,10,42.64
7334.0,1.4767,11.1076,1.8630,0.0000,77.0903,77.9334,104.528,777.691,4117.786,5.,1,1,10,42.64
7336.0,1.4838,11.1015,1.8630,0.0000,77.0388,76.5420,104.691,777.537,4117.782,10.,1,1,10,42.64
7338.0,1.4911,11.0953,1.8630,0.0000,76.9875,75.0975,104.856,777.383,4117.776,15.,1,1,10,42.64
7340.0,1.4982,11.0892,1.8629,0.0000,76.9363,73.6550,105.017,777.229,4117.767,13.,1,1,10,42.64
7342.0,1.5051,11.0830,1.8629,0.0000,76.8851,72.2524,105.171,777.075,4117.763,10.,1,1,10,42.64
7344.0,1.5119,11.0769,1.8629,0.0000,76.8339,70.8825,105.323,776.921,4117.765,10.,1,1,10,42.65
7346.0,1.5189,11.0707,1.8629,0.0000,76.7826,69.5084,105.478,776.768,4117.770,16.,1,1,10,42.66
7348.0,1.5260,11.0646,1.8630,0.0000,76.7314,68.1060,105.632,776.614,4117.771,18.,1,1,10,42.66
7350.0,1.5326,11.0584,1.8630,0.0000,76.6546,66.7296,105.782,776.461,4117.773,16.,2,1,10,42.66
7352.0,1.5386,11.0523,1.8630,0.0000,76.6291,65.4637,105.910,776.308,4117.780,-2.,1,1,10,42.66
7354.0,1.5443,11.0462,1.8630,0.0000,76.5779,64.3013,106.034,776.155,4117.806,-5.,1,1,10,42.66
7356.0,1.5502,11.0401,1.8631,0.0000,76.5265,63.1573,106.161,776.002,4117.838,1.,1,1,10,42.66
7358.0,1.5564,11.0339,1.8631,0.0000,76.4750,61.9532,106.296,775.849,4117.866,12.,1,1,10,42.67
7360.0,1.5629,11.0278,1.8631,0.0000,76.4237,60.6923,106.435,775.696,4117.886,17.,1,1,10,42.67
7362.0,1.5691,11.0217,1.8632,0.0000,76.3724,59.4338,106.568,775.543,4117.903,14.,1,1,10,42.67
7364.0,1.5750,11.0156,1.8632,0.0000,76.3213,58.2222,106.695,775.391,4117.925,10.,1,1,10,42.67
7366.0,1.5809,11.0095,1.8633,0.0000,76.2701,57.0474,106.819,775.238,4117.953,11.,1,1,10,42.67
7368.0,1.5869,11.0034,1.8633,0.0000,76.2189,55.8663,106.947,775.086,4117.983,16.,1,1,10,42.67
7370.0,1.5932,10.9973,1.8634,0.0000,76.1676,54.6517,107.074,774.933,4118.011,18.,1,1,10,42.67
7372.0,1.5989,10.9912,1.8634,0.0000,76.0909,53.4662,107.199,774.781,4118.038,19.,2,1,10,42.67
7374.0,1.6040,10.9852,1.8634,0.0000,76.0654,52.3871,107.301,774.629,4118.067,-3.,1,1,10,42.67
7376.0,1.6087,10.9791,1.8635,0.0000,76.0143,51.4200,107.399,774.477,4118.119,-5.,1,1,10,42.68
7378.0,1.6136,10.9730,1.8636,0.0000,75.9629,50.4735,107.501,774.325,4118.175,1.,1,1,10,42.68
7380.0,1.6190,10.9669,1.8637,0.0000,75.9114,49.4634,107.615,774.173,4118.227,14.,1,1,10,42.68
7382.0,1.6245,10.9609,1.8638,0.0000,75.8601,48.3932,107.728,774.021,4118.267,17.,1,1,10,42.68
7384.0,1.6298,10.9548,1.8638,0.0000,75.8090,47.3241,107.837,773.870,4118.307,14.,1,1,10,42.68
7386.0,1.6348,10.9487,1.8639,0.0000,75.7579,46.3051,107.939,773.718,4118.352,10.,1,1,10,42.68
7388.0,1.6398,10.9427,1.8640,0.0000,75.7067,45.3250,108.039,773.567,4118.403,10.,1,1,10,42.68
7390.0,1.6449,10.9366,1.8641,0.0000,75.6556,44.3384,108.143,773.416,4118.456,15.,1,1,10,42.68
7392.0,1.6498,10.9306,1.8642,0.0000,75.5788,43.3642,108.242,773.264,4118.506,13.,2,1,10,42.69
7394.0,1.6542,10.9245,1.8643,0.0000,75.5533,42.4399,108.331,773.113,4118.560,4.,1,1,10,42.69
7396.0,1.6583,10.9185,1.8644,0.0000,75.5022,41.6055,108.413,772.962,4118.624,-1.,1,1,10,42.69
7398.0,1.6625,10.9125,1.8645,0.0000,75.4510,40.8005,108.496,772.811,4118.694,2.,1,1,10,42.69
7400.0,1.6669,10.9064,1.8646,0.0000,75.3997,39.9629,108.585,772.661,4118.763,9.,1,1,10,42.69
7402.0,1.6715,10.9004,1.8647,0.0000,75.3485,39.0799,108.677,772.510,4118.827,14.,1,1,10,42.69
7404.0,1.6760,10.8944,1.8648,0.0000,75.2974,38.1872,108.766,772.359,4118.888,13.,1,1,10,42.69
7406.0,1.6804,10.8884,1.8649,0.0000,75.2463,37.3227,108.852,772.209,4118.950,11.,1,1,10,42.69
7408.0,1.6846,10.8823,1.8650,0.0000,75.1953,36.4890,108.935,772.058,4119.017,10.,1,1,10,42.70
7410.0,1.6889,10.8763,1.8651,0.0000,75.1442,35.6585,109.019,771.908,4119.086,13.,1,1,10,42.70
7412.0,1.6933,10.8703,1.8653,0.0000,75.0932,34.8069,109.106,771.758,4119.153,17.,1,1,10,42.70
7414.0,1.6978,10.8643,1.8654,0.0000,75.0422,33.9358,109.194,771.608,4119.218,20.,1,1,10,42.70
7416.0,1.7019,10.8583,1.8655,0.0000,74.9658,33.1150,109.273,771.458,4119.282,13.,2,1,10,42.70
7418.0,1.7053,10.8523,1.8656,0.0000,74.9404,32.3778,109.339,771.308,4119.354,2.,1,1,10,42.70
7420.0,1.7085,10.8463,1.8657,0.0000,74.8894,31.7356,109.402,771.158,4119.439,-1.,1,1,10,42.70
7422.0,1.7120,10.8403,1.8659,0.0000,74.8383,31.0952,109.469,771.009,4119.527,5.,1,1,10,42.71
7424.0,1.7158,10.8344,1.8660,0.0000,74.7872,30.3976,109.542,770.859,4119.611,13.,1,1,10,42.71
7426.0,1.7197,10.8284,1.8661,0.0000,74.7362,29.6560,109.617,770.710,4119.689,15.,1,1,10,42.71
7428.0,1.7234,10.8224,1.8663,0.0000,74.6853,28.9249,109.687,770.560,4119.765,13.,1,1,10,42.71
7430.0,1.7268,10.8164,1.8664,0.0000,74.6344,28.2373,109.753,770.411,4119.845,10.,1,1,10,42.71
7432.0,1.7302,10.8105,1.8665,0.0000,74.5836,27.5769,109.819,770.262,4119.930,10.,1,1,10,42.71
7434.0,1.7338,10.8045,1.8667,0.0000,74.5327,26.9053,109.887,770.113,4120.015,14.,1,1,10,42.71
7436.0,1.7375,10.7985,1.8668,0.0000,74.4818,26.2033,109.958,769.964,4120.097,18.,1,1,10,42.71
7438.0,1.7413,10.7926,1.8670,0.0000,74.4310,25.4856,110.028,769.815,4120.177,20.,1,1,10,42.72
7440.0,1.7449,10.7866,1.8671,0.0000,74.3803,24.7790,110.096,769.666,4120.256,19.,1,1,10,42.72
7442.0,1.7484,10.7807,1.8672,0.0000,74.3296,24.0933,110.163,769.517,4120.338,18.,1,1,10,42.72
7444.0,1.7519,10.7748,1.8674,0.0000,74.2789,23.4161,110.229,769.369,4120.422,20.,1,1,10,42.72
7446.0,1.7551,10.7688,1.8675,0.0000,74.2029,22.7870,110.289,769.220,4120.505,15.,2,1,10,42.72
7448.0,1.7578,10.7629,1.8677,0.0000,74.1776,22.2155,110.339,769.072,4120.594,5.,1,1,10,42.72
7450.0,1.7602,10.7570,1.8678,0.0000,74.1269,21.7344,110.385,768.924,4120.694,2.,1,1,10,42.72
7452.0,1.7628,10.7510,1.8680,0.0000,74.0761,21.2654,110.433,768.776,4120.797,6.,1,1,10,42.73
7454.0,1.7657,10.7451,1.8682,0.0000,74.0253,20.7543,110.486,768.628,4120.898,12.,1,1,10,42.73
7456.0,1.7686,10.7392,1.8683,0.0000,73.9745,20.2041,110.541,768.480,4120.994,15.,1,1,10,42.73
7458.0,1.7715,10.7333,1.8685,0.0000,73.9239,19.6565,110.594,768.332,4121.087,13.,1,1,10,42.73
7460.0,1.7741,10.7274,1.8686,0.0000,73.8733,19.1424,110.643,768.184,4121.184,10.,1,1,10,42.73
7462.0,1.7767,10.7215,1.8688,0.0000,73.8227,18.6536,110.690,768.036,4121.284,10.,1,1,10,42.73
7464.0,1.7794,10.7156,1.8690,0.0000,73.7721,18.1597,110.740,767.889,4121.384,13.,1,1,10,42.73
7466.0,1.7822,10.7097,1.8691,0.0000,73.7215,17.6420,110.792,767.741,4121.483,17.,1,1,10,42.73
7468.0,1.7850,10.7038,1.8693,0.0000,73.6710,17.1090,110.844,767.594,4121.580,18.,1,1,10,42.74
7470.0,1.7878,10.6979,1.8695,0.0000,73.6205,16.5823,110.895,767.447,4121.676,17.,1,1,10,42.74
7472.0,1.7904,10.6920,1.8696,0.0000,73.5701,16.0724,110.944,767.300,4121.773,17.,1,1,10,42.74
7474.0,1.7931,10.6861,1.8698,0.0000,73.5197,15.5713,110.993,767.153,4121.872,18.,1,1,10,42.74
7476.0,1.7958,10.6802,1.8700,0.0000,73.4693,15.0643,111.043,767.006,4121.971,20.,1,1,10,42.74
7478.0,1.7982,10.6744,1.8701,0.0000,73.3938,14.6041,111.086,766.859,4122.069,14.,2,1,10,42.74
7480.0,1.8000,10.6685,1.8703,0.0000,73.3687,14.2031,111.119,766.712,4122.173,5.,1,1,10,42.74
7482.0,1.8016,10.6626,1.8705,0.0000,73.3183,13.9017,111.147,766.566,4122.288,-0.,1,1,10,42.74
7484.0,1.8033,10.6568,1.8707,0.0000,73.2679,13.6123,111.179,766.419,4122.407,5.,1,1,10,42.75
7486.0,1.8053,10.6509,1.8709,0.0000,73.2174,13.2757,111.215,766.273,4122.522,10.,1,1,10,42.75
7488.0,1.8075,10.6451,1.8711,0.0000,73.1669,12.8948,111.255,766.126,4122.633,14.,1,1,10,42.75
7490.0,1.8095,10.6392,1.8712,0.0000,73.1166,12.5174,111.290,765.980,4122.740,10.,1,1,10,42.75
7492.0,1.8112,10.6334,1.8714,0.0000,73.0664,12.1770,111.323,765.834,4122.852,8.,1,1,10,42.75
7494.0,1.8130,10.6275,1.8716,0.0000,73.0161,11.8653,111.353,765.688,4122.966,7.,1,1,10,42.75
7496.0,1.8148,10.6217,1.8718,0.0000,72.9659,11.5471,111.387,765.542,4123.082,11.,1,1,10,42.75
7498.0,1.8168,10.6158,1.8720,0.0000,72.9156,11.2026,111.422,765.396,4123.194,13.,1,1,10,42.75
7500.0,1.8188,10.6100,1.8722,0.0000,72.8654,10.8408,111.459,765.250,4123.306,15.,1,1,10,42.75
7502.0,1.8328,10.6042,1.8724,0.0000,72.7903,9.2957,111.480,765.105,4123.418,2.,3,1,10,42.77
7504.0,1.8841,10.5984,1.8726,0.0000,72.7400,2.8031,111.488,764.959,4123.555,3.,3,1,10,42.77
7506.0,1.9817,10.5926,1.8728,0.0000,72.6896,0.0000,111.491,764.814,4123.698,3.,3,1,10,42.79
7508.0,2.1267,10.5867,1.8731,0.0000,72.6392,0.0000,111.495,764.669,4123.840,4.,3,2,10,42.80
7510.0,2.3163,10.5809,1.8733,0.0000,72.5888,0.0000,111.495,764.523,4123.981,4.,3,2,10,42.82
7512.0,2.5487,10.5751,1.8735,0.0000,72.5385,0.0000,111.495,764.378,4124.127,4.,3,2,10,42.83
7514.0,2.8214,10.5693,1.8738,0.0000,72.4881,0.0000,111.495,764.233,4124.272,3.,3,2,10,42.85
7516.0,3.1302,10.5635,1.8740,0.0000,72.4378,0.0000,111.474,764.089,4124.417,-17.,2,2,10,42.86
7518.0,3.4820,10.5578,1.8743,0.0000,72.3873,0.0000,111.494,763.944,4124.582,3.,3,2,10,42.87
7520.0,3.8668,10.5520,1.8745,0.0000,72.3371,0.0000,111.492,763.799,4124.707,1.,2,2,10,42.89
7522.0,4.2851,10.5462,1.8748,0.0000,72.2870,0.0000,111.494,763.655,4124.853,3.,3,2,10,42.90
7524.0,4.7359,10.5404,1.8750,0.0000,72.2368,0.0000,111.488,763.510,4124.996,-3.,2,2,10,42.92
7526.0,5.2161,10.5346,1.8752,0.0000,72.1866,0.0000,111.480,763.366,4125.146,-11.,2,2,10,42.93
7528.0,5.7254,10.5289,1.8755,0.0000,72.1364,0.0000,111.472,763.221,4125.299,-19.,2,2,10,42.95
7530.0,6.2637,10.5231,1.8758,0.0000,72.0862,0.0000,111.472,763.077,4125.450,-19.,2,2,10,42.96
7532.0,6.8273,10.5173,1.8760,0.0000,72.0361,0.0000,111.474,762.933,4125.595,-17.,2,2,10,42.97
7534.0,7.4107,10.5116,1.8762,0.0000,71.9861,0.0000,111.473,762.789,4125.736,-18.,2,2,10,42.99
7536.0,8.0210,10.5058,1.8765,0.0000,71.9362,0.0000,111.491,762.645,4125.881,-0.,3,2,10,43.00
7538.0,8.6431,10.5001,1.8767,0.0000,71.8864,0.0000,111.498,762.502,4126.008,7.,2,2,10,43.02
7540.0,9.2677,10.4943,1.8769,0.0000,71.8366,0.0000,111.487,762.358,4126.144,-4.,2,2,10,43.03
7542.0,9.9079,10.4886,1.8772,0.0000,71.7867,0.0000,111.483,762.214,4126.298,-8.,2,2,10,43.04
7544.0,10.5699,10.4828,1.8774,0.0000,71.7617,0.0000,111.497,762.071,4126.447,6.,1,2,10,43.06
7546.0,11.1654,10.4802,1.8776,38.6073,71.7004,0.0000,111.416,762.005,4126.576,-3.,3,3,10,43.06
7548.0,11.6988,10.4821,1.8779,95.1089,71.6941,0.0000,111.232,762.051,4126.723,6.,2,3,10,43.07
7550.0,12.1669,10.4879,1.8781,144.7718,71.7262,0.0000,110.943,762.198,4126.860,0.,2,3,10,43.08
7552.0,12.5979,10.4973,1.8783,189.4484,71.7483,0.0000,110.580,762.433,4127.003,16.,1,3,10,43.09
7554.0,12.9753,10.5098,1.8786,228.2876,71.8773,0.0000,110.129,762.746,4127.131,6.,2,3,10,43.09
7556.0,13.3019,10.5251,1.8788,262.8776,71.9273,0.0000,109.586,763.128,4127.270,-17.,1,3,10,43.09
7558.0,13.6118,10.5428,1.8791,293.1763,72.0527,0.0000,108.992,763.570,4127.431,-8.,1,3,10,43.11
7560.0,13.9097,10.5627,1.8793,320.7933,72.2805,0.0000,108.356,764.067,4127.583,6.,2,3,10,43.11
7562.0,14.1928,10.5848,1.8795,348.8566,72.3614,0.0000,107.675,764.620,4127.722,16.,1,3,10,43.11
7564.0,14.4409,10.6087,1.8798,371.9949,72.6435,0.0000,106.937,765.219,4127.851,6.,2,3,10,43.11
7566.0,14.6569,10.6344,1.8800,394.0125,72.7416,0.0000,106.140,765.861,4127.990,-9.,1,3,10,43.13
7568.0,14.8664,10.6616,1.8802,412.7182,72.9539,0.0000,105.312,766.541,4128.145,-2.,1,3,10,43.13
7570.0,15.0712,10.6901,1.8805,429.2836,73.2967,0.0000,104.460,767.253,4128.294,6.,2,3,10,43.13
7572.0,15.2653,10.7201,1.8807,447.8173,73.4135,0.0000,103.577,768.001,4128.435,13.,1,3,10,43.13
7574.0,15.4488,10.7513,1.8809,463.7014,73.6611,0.0000,102.669,768.782,4128.569,19.,1,3,10,43.14
7576.0,15.6041,10.7834,1.8812,475.9001,74.0533,0.0000,101.725,769.585,4128.698,8.,2,3,10,43.14
7578.0,15.7315,10.8165,1.8814,488.4418,74.1854,0.0000,100.742,770.414,4128.838,-6.,1,3,10,43.15
7580.0,15.8518,10.8504,1.8817,497.5102,74.4596,0.0000,99.739,771.260,4128.993,-8.,1,3,10,43.15
7582.0,15.9847,10.8850,1.8819,506.7824,74.7395,0.0000,98.733,772.124,4129.151,8.,1,3,10,43.15
7584.0,16.1080,10.9201,1.8822,514.3688,75.1718,0.0000,97.713,773.002,4129.293,9.,2,3,10,43.16
7586.0,16.2015,10.9559,1.8824,523.4641,75.3161,0.0000,96.664,773.899,4129.435,-2.,1,3,10,43.16
7588.0,16.2723,10.9921,1.8826,528.0925,75.6129,0.0000,95.591,774.804,4129.588,-17.,1,3,10,43.17
7590.0,16.3451,11.0286,1.8829,531.6536,75.9125,0.0000,94.512,775.715,4129.757,-16.,1,3,10,43.17
7592.0,16.4357,11.0654,1.8832,536.1789,76.2139,0.0000,93.441,776.635,4129.926,2.,1,3,10,43.17
7594.0,16.5221,11.1024,1.8835,539.4872,76.6724,0.0000,92.368,777.561,4130.077,6.,2,3,10,43.18
7596.0,16.5830,11.1399,1.8837,545.0134,76.8247,0.0000,91.279,778.497,4130.225,1.,1,3,10,43.18
7598.0,16.6226,11.1774,1.8840,546.2952,77.1348,0.0000,90.176,779.435,4130.378,-11.,1,3,10,43.18
7600.0,16.6629,11.2149,1.8842,546.5350,77.4454,0.0000,89.073,780.373,4130.544,-10.,1,3,10,43.19
7602.0,16.7192,11.2525,1.8845,547.6113,77.7558,0.0000,87.984,781.313,4130.709,6.,1,3,10,43.19
7604.0,16.7691,11.2901,1.8848,547.2752,78.2231,0.0000,86.896,782.251,4130.859,7.,2,3,10,43.20
7606.0,16.7921,11.3277,1.8850,549.0532,78.3774,0.0000,85.800,783.193,4131.009,1.,1,3,10,43.20
7608.0,16.7939,11.3651,1.8853,546.5264,78.6891,0.0000,84.694,784.128,4131.165,-13.,1,3,10,43.20
7610.0,16.7973,11.4023,1.8856,543.0447,78.9988,0.0000,83.594,785.056,4131.336,-14.,1,3,10,43.20
7612.0,16.8174,11.4392,1.8858,540.5093,79.3058,0.0000,82.511,785.979,4131.508,-2.,1,3,10,43.22
7614.0,16.8493,11.4759,1.8861,539.4189,79.6109,0.0000,81.448,786.898,4131.669,16.,1,3,10,43.22
7616.0,16.8586,11.5124,1.8864,535.9625,80.0671,0.0000,80.383,787.810,4131.814,7.,2,3,10,43.22
7618.0,16.8312,11.5487,1.8866,533.2489,80.2171,0.0000,79.307,788.716,4131.967,-9.,1,3,10,43.22
7620.0,16.8080,11.5842,1.8869,525.3159,80.6643,0.0000,78.240,789.606,4132.138,-16.,2,3,10,43.24
7622.0,16.8244,11.6196,1.8872,523.1967,80.8111,0.0000,77.213,790.490,4132.316,19.,1,3,10,43.24
7624.0,16.8012,11.6545,1.8874,517.5653,81.2485,0.0000,76.176,791.363,4132.459,-2.,3,3,10,43.24
7626.0,16.7816,11.6890,1.8877,511.9778,81.5337,0.0000,75.153,792.224,4132.624,2.,2,3,10,43.24
7628.0,16.7376,11.7228,1.8880,505.3450,81.8192,0.0000,74.132,793.071,4132.787,-10.,2,3,10,43.26
7630.0,16.7132,11.7562,1.8883,498.5974,82.0942,0.0000,73.135,793.904,4132.961,0.,2,3,10,43.26
7632.0,16.6654,11.7889,1.8885,491.6523,82.3696,0.0000,72.142,794.723,4133.126,-10.,2,3,10,43.26
7634.0,16.6385,11.8211,1.8888,484.7072,82.6350,0.0000,71.174,795.527,4133.301,2.,2,3,10,43.27
7636.0,16.5820,11.8526,1.8891,477.3186,82.9010,0.0000,70.209,796.316,4133.465,-11.,2,3,10,43.28
7638.0,16.5474,11.8835,1.8894,469.6763,83.1559,0.0000,69.271,797.089,4133.642,1.,2,3,10,43.28
7640.0,16.4845,11.9138,1.8897,461.7035,83.4116,0.0000,68.337,797.845,4133.807,-11.,2,3,10,43.29
7642.0,16.4441,11.9434,1.8900,453.5824,83.6554,0.0000,67.432,798.585,4133.985,2.,2,3,10,43.29
7644.0,16.3724,11.9723,1.8903,445.0109,83.9000,0.0000,66.530,799.307,4134.151,-12.,2,3,10,43.30
7646.0,16.3302,12.0005,1.8906,436.5031,84.1319,0.0000,65.662,800.012,4134.331,4.,2,3,10,43.31
7648.0,16.2491,12.0279,1.8908,427.5117,84.3652,0.0000,64.793,800.698,4134.495,-13.,2,3,10,43.31
7650.0,16.2049,12.0547,1.8911,418.5931,84.5842,0.0000,63.963,801.366,4134.678,7.,2,3,10,43.33
7652.0,16.1126,12.0806,1.8914,409.0777,84.8060,0.0000,63.129,802.015,4134.840,-16.,2,3,10,43.33
7654.0,16.0695,12.1058,1.8917,399.8126,85.0112,0.0000,62.340,802.644,4135.026,11.,2,3,10,43.34
7656.0,15.9947,12.1303,1.8920,391.4097,85.2176,0.0000,61.558,803.257,4135.186,1.,3,3,10,43.34
7658.0,15.9284,12.1540,1.8923,381.9607,85.4151,0.0000,60.802,803.850,4135.356,7.,2,3,10,43.35
7660.0,15.8252,12.1768,1.8925,371.1160,85.6106,0.0000,60.046,804.421,4135.519,-13.,2,3,10,43.36
7662.0,15.7649,12.1988,1.8928,360.7416,85.7914,0.0000,59.334,804.971,4135.704,9.,2,3,10,43.38
7664.0,15.6518,12.2199,1.8931,349.8600,85.9731,0.0000,58.615,805.499,4135.867,-19.,2,3,10,43.39
7666.0,15.5754,12.2401,1.8934,338.3481,86.1402,0.0000,57.936,806.003,4136.059,-3.,3,3,10,43.42
7668.0,15.4715,12.2594,1.8937,327.3323,86.3044,0.0000,57.263,806.485,4136.234,-18.,2,3,10,43.43
7670.0,15.4178,12.2779,1.8940,317.6265,86.4542,0.0000,56.642,806.947,4136.425,15.,2,3,10,43.46
7672.0,15.3311,12.2957,1.8943,308.7737,86.6045,0.0000,56.028,807.392,4136.583,3.,3,3,10,43.50
7674.0,15.2511,12.3126,1.8946,298.7131,86.7458,0.0000,55.440,807.816,4136.754,9.,2,3,10,43.51
7676.0,15.1353,12.3287,1.8949,287.2280,86.8846,0.0000,54.852,808.216,4136.919,-13.,2,3,10,43.55
7678.0,15.0589,12.3438,1.8952,276.1040,87.0085,0.0000,54.310,808.595,4137.106,10.,2,3,10,43.58
7680.0,14.9378,12.3580,1.8954,264.7159,87.1324,0.0000,53.762,808.950,4137.270,-18.,2,3,10,43.62
7682.0,14.8757,12.3713,1.8958,254.2394,87.2394,0.0000,53.273,809.284,4137.462,19.,2,3,10,43.63
7684.0,14.7763,12.3839,1.8960,244.8409,87.3472,0.0000,52.787,809.599,4137.618,4.,3,3,10,43.66
7686.0,14.6911,12.3957,1.8963,234.4138,87.4448,0.0000,52.331,809.893,4137.789,13.,2,3,10,43.67
7688.0,14.5641,12.4065,1.8966,222.6204,87.5411,0.0000,51.871,810.163,4137.952,-14.,2,3,10,43.69
7690.0,14.4874,12.4164,1.8969,211.4507,87.6206,0.0000,51.462,810.410,4138.141,13.,2,3,10,43.70
7692.0,14.3847,12.4255,1.8972,201.5111,87.6989,0.0000,51.061,810.638,4138.303,2.,3,3,10,43.73
7694.0,14.2951,12.4338,1.8975,191.0467,87.7676,0.0000,50.689,810.845,4138.477,11.,2,3,10,43.74
7696.0,14.1715,12.4411,1.8977,179.5633,87.8339,0.0000,50.318,811.028,4138.642,-12.,2,3,10,43.75
7698.0,14.0900,12.4476,1.8980,168.6589,87.8854,0.0000,49.992,811.190,4138.829,11.,2,3,10,43.76
7700.0,13.9611,12.4531,1.8983,157.4880,87.9374,0.0000,49.659,811.329,4138.994,-18.,2,3,10,43.76
7702.0,13.8687,12.4578,1.8986,145.9355,87.9754,0.0000,49.366,811.445,4139.188,-1.,3,3,10,43.78
7704.0,13.7504,12.4615,1.8989,134.9578,88.0097,0.0000,49.078,811.539,4139.365,-18.,2,3,10,43.78
7706.0,13.6820,12.4645,1.8993,125.3443,88.0304,0.0000,48.842,811.613,4139.559,15.,2,3,10,43.78
7708.0,13.5789,12.4668,1.8995,116.4808,88.0517,0.0000,48.609,811.670,4139.721,-0.,3,3,10,43.78
7710.0,13.4936,12.4683,1.8998,106.8921,88.0635,0.0000,48.406,811.708,4139.897,11.,2,3,10,43.78
7712.0,13.3698,12.4690,1.9001,96.2785,88.0743,0.0000,48.201,811.724,4140.063,-13.,2,3,10,43.79
7714.0,13.2939,12.4688,1.9004,86.3201,88.0697,0.0000,48.040,811.721,4140.252,12.,2,3,10,43.79
7716.0,13.1893,12.4680,1.9007,77.3257,88.0649,0.0000,47.886,811.699,4140.415,1.,3,3,10,43.79
7718.0,13.1006,12.4663,1.9010,67.8062,88.0505,0.0000,47.759,811.659,4140.591,8.,2,3,10,43.79
7720.0,12.9792,12.4639,1.9013,57.4600,88.0350,0.0000,47.632,811.597,4140.758,-13.,2,3,10,43.80
7722.0,12.8987,12.4607,1.9016,47.6918,88.0053,0.0000,47.545,811.517,4140.947,9.,2,3,10,43.80
7724.0,12.7764,12.4567,1.9019,37.8644,87.9769,0.0000,47.454,811.417,4141.114,-16.,2,3,10,43.80
7726.0,12.6856,12.4518,1.9022,27.6712,87.9357,0.0000,47.398,811.296,4141.306,-0.,3,3,10,43.80
7728.0,12.5795,12.4463,1.9025,18.3265,87.8914,0.0000,47.350,811.157,4141.482,-11.,2,3,10,43.80
7730.0,12.5051,12.4400,1.9028,9.9360,87.8360,0.0000,47.343,811.001,4141.669,13.,2,3,10,43.81
7732.0,12.3905,12.4331,1.9031,1.0989,87.7823,0.0000,47.327,810.828,4141.831,-13.,2,3,10,43.81
7734.0,12.2886,12.4261,1.9034,0.0000,87.7199,0.0000,47.331,810.652,4142.020,3.,2,3,10,43.81
7736.0,12.1528,12.4191,1.9037,0.0000,87.6590,0.0000,47.327,810.477,4142.192,-4.,2,4,10,43.81
7738.0,12.0276,12.4121,1.9040,0.0000,87.5981,0.0000,47.331,810.302,4142.371,0.,2,4,10,43.82
7740.0,11.8646,12.4051,1.9042,0.0000,87.5373,0.0000,47.326,810.127,4142.542,-5.,2,4,10,43.82
7742.0,11.7248,12.3981,1.9045,0.0000,87.4765,0.0000,47.337,809.952,4142.722,6.,2,4,10,43.82
7744.0,11.5386,12.3911,1.9048,0.0000,87.4158,0.0000,47.322,809.777,4142.886,-8.,2,4,10,43.82
7746.0,11.4034,12.3841,1.9051,0.0000,87.3551,0.0000,47.348,809.602,4143.075,18.,2,4,10,43.84
7748.0,11.2030,12.3771,1.9054,0.0000,87.2946,0.0000,47.328,809.428,4143.224,-3.,3,4,10,43.84
7750.0,11.0358,12.3701,1.9057,0.0000,87.2340,0.0000,47.337,809.253,4143.419,6.,2,4,10,43.84
7752.0,10.8406,12.3632,1.9060,0.0000,87.1734,0.0000,47.328,809.079,4143.584,-2.,2,4,10,43.84
7754.0,10.6696,12.3562,1.9063,0.0000,87.1129,0.0000,47.335,808.905,4143.767,4.,2,4,10,43.85
7756.0,10.4680,12.3492,1.9066,0.0000,87.0524,0.0000,47.327,808.731,4143.934,-3.,2,4,10,43.85
7758.0,10.2932,12.3423,1.9069,0.0000,86.9919,0.0000,47.337,808.557,4144.116,6.,2,4,10,43.85
7760.0,10.0789,12.3353,1.9071,0.0000,86.9316,0.0000,47.319,808.383,4144.281,-12.,2,4,10,43.85
7762.0,9.9132,12.3284,1.9075,0.0000,86.8712,0.0000,47.346,808.209,4144.472,15.,2,4,10,43.85
7764.0,9.6972,12.3214,1.9077,0.0000,86.8109,0.0000,47.330,808.035,4144.618,-1.,3,4,10,43.87
7766.0,9.5019,12.3145,1.9080,0.0000,86.7507,0.0000,47.333,807.862,4144.809,2.,2,4,10,43.87
7768.0,9.2959,12.3075,1.9083,0.0000,86.6904,0.0000,47.331,807.688,4144.979,0.,2,4,10,43.87
7770.0,9.0988,12.3006,1.9086,0.0000,86.6302,0.0000,47.332,807.515,4145.154,1.,2,4,10,43.88
7772.0,8.8885,12.2937,1.9089,0.0000,86.5701,0.0000,47.329,807.342,4145.326,-2.,2,4,10,43.88
7774.0,8.6898,12.2868,1.9092,0.0000,86.5100,0.0000,47.333,807.169,4145.502,2.,2,4,10,43.88
7776.0,8.4741,12.2798,1.9095,0.0000,86.4499,0.0000,47.325,806.996,4145.671,-6.,2,4,10,43.89
7778.0,8.2786,12.2729,1.9098,0.0000,86.3899,0.0000,47.337,806.823,4145.852,6.,2,4,10,43.89
7780.0,8.0510,12.2660,1.9100,0.0000,86.3299,0.0000,47.318,806.651,4146.012,-13.,2,4,10,43.90
7782.0,7.8552,12.2591,1.9103,0.0000,86.2700,0.0000,47.332,806.478,4146.204,1.,3,4,10,43.90
7784.0,7.6398,12.2522,1.9106,0.0000,86.2100,0.0000,47.328,806.306,4146.362,-3.,2,4,10,43.91
7786.0,7.4371,12.2453,1.9109,0.0000,86.1503,0.0000,47.335,806.133,4146.539,4.,2,4,10,43.92
7788.0,7.2149,12.2385,1.9112,0.0000,86.0905,0.0000,47.325,805.961,4146.704,-6.,2,4,10,43.92
7790.0,7.0154,12.2316,1.9115,0.0000,86.0307,0.0000,47.339,805.789,4146.886,8.,2,4,10,43.92
7792.0,6.7855,12.2247,1.9117,0.0000,85.9710,0.0000,47.317,805.617,4147.044,-14.,2,4,10,43.93
7794.0,6.5865,12.2178,1.9121,0.0000,85.9113,0.0000,47.332,805.445,4147.238,1.,3,4,10,43.94
7796.0,6.3706,12.2109,1.9123,0.0000,85.8516,0.0000,47.326,805.274,4147.395,-4.,2,4,10,43.94
7798.0,6.1671,12.2041,1.9126,0.0000,85.7920,0.0000,47.336,805.102,4147.571,6.,2,4,10,43.94
7800.0,5.9457,12.1972,1.9129,0.0000,85.7325,0.0000,47.323,804.931,4147.733,-8.,2,4,10,43.96
7802.0,5.7496,12.1904,1.9132,0.0000,85.6730,0.0000,47.343,804.759,4147.918,12.,2,4,10,43.96
7804.0,5.5318,12.1835,1.9134,0.0000,85.6135,0.0000,47.330,804.588,4148.069,-1.,3,4,10,43.97
7806.0,5.3260,12.1767,1.9138,0.0000,85.5542,0.0000,47.334,804.417,4148.253,3.,2,4,10,43.98
7808.0,5.1137,12.1698,1.9140,0.0000,85.4947,0.0000,47.325,804.246,4148.420,-6.,2,4,10,43.98
7810.0,4.9162,12.1630,1.9143,0.0000,85.4353,0.0000,47.337,804.075,4148.600,6.,2,4,10,43.99
7812.0,4.7028,12.1562,1.9146,0.0000,85.3760,0.0000,47.321,803.904,4148.759,-10.,2,4,10,43.99
7814.0,4.5177,12.1494,1.9149,0.0000,85.3167,0.0000,47.350,803.734,4148.946,19.,2,4,10,44.00
7816.0,4.3067,12.1425,1.9151,0.0000,85.2576,0.0000,47.329,803.563,4149.087,-1.,3,4,10,44.01
7818.0,4.1129,12.1357,1.9155,0.0000,85.1985,0.0000,47.336,803.393,4149.278,5.,2,4,10,44.01
7820.0,3.9096,12.1289,1.9157,0.0000,85.1392,0.0000,47.320,803.223,4149.441,-11.,2,4,10,44.03
7822.0,3.7312,12.1221,1.9160,0.0000,85.0801,0.0000,47.347,803.052,4149.628,16.,2,4,10,44.04
7824.0,3.5336,12.1153,1.9163,0.0000,85.0211,0.0000,47.330,802.882,4149.771,-1.,3,4,10,44.06
7826.0,3.3507,12.1085,1.9166,0.0000,84.9621,0.0000,47.336,802.712,4149.958,6.,2,4,10,44.07
7828.0,3.1597,12.1017,1.9169,0.0000,84.9031,0.0000,47.317,802.543,4150.121,-14.,2,4,10,44.09
7830.0,2.9935,12.0949,1.9172,0.0000,84.8440,0.0000,47.350,802.373,4150.310,19.,2,4,10,44.10
7832.0,2.8093,12.0881,1.9174,0.0000,84.7852,0.0000,47.330,802.203,4150.447,-1.,3,4,10,44.12
7834.0,2.6412,12.0814,1.9177,0.0000,84.7265,0.0000,47.339,802.034,4150.636,8.,2,4,10,44.13
7836.0,2.4639,12.0746,1.9180,0.0000,84.6676,0.0000,47.311,801.865,4150.796,-20.,2,4,10,44.14
7838.0,2.3075,12.0678,1.9183,0.0000,84.6087,0.0000,47.331,801.695,4150.993,-0.,3,4,10,44.16
7840.0,2.1451,12.0611,1.9186,0.0000,84.5499,0.0000,47.319,801.526,4151.143,-12.,2,4,10,44.17
7842.0,1.9944,12.0543,1.9189,0.0000,84.4912,0.0000,47.331,801.357,4151.323,-0.,3,4,10,44.19
7844.0,1.8422,12.0475,1.9191,0.0000,84.4326,0.1408,47.321,801.188,4151.481,-10.,2,4,10,44.20
